 ,Label,Area,Mean,StdDev,Mode,Min,Max,X,Y,XM,YM,Perim.
1,d2c2_fullz_trek1.tif:0938-0548,0.016,31.514,8.893,29,11,53,8.229,14.076,8.234,14.081,0.473
2,d2c2_fullz_trek1.tif:0482-0382,0.015,34.687,8.638,33,15,56,5.74,7.237,5.741,7.235,0.454
3,d2c2_fullz_trek1.tif:0335-0411,0.013,35.246,12.292,21,16,61,6.166,5.022,6.166,5.023,0.434
4,d2c2_fullz_trek1.tif:0869-0495,0.015,37.075,13.161,38,12,65,7.435,13.046,7.437,13.045,0.459
5,d2c2_fullz_trek1.tif:0490-0426,0.015,38.662,20.452,18,13,89,6.396,7.362,6.395,7.36,0.463
6,d2c2_fullz_trek1.tif:0791-0296,0.022,39.758,9.486,39,14,55,4.459,11.882,4.459,11.882,0.586
7,d2c2_fullz_trek1.tif:0248-0445,0.016,39.822,17.238,34,13,81,6.687,3.733,6.686,3.732,0.481
8,d2c2_fullz_trek1.tif:0634-0133,0.011,40.255,19.19,23,15,83,1.993,9.526,1.995,9.526,0.415
9,d2c2_fullz_trek1.tif:0318-0391,0.013,40.464,19.763,40,11,83,5.871,4.786,5.872,4.786,0.422
10,d2c2_fullz_trek1.tif:0219-0646,0.021,41.717,12.23,46,16,72,9.696,3.296,9.693,3.299,0.527
11,d2c2_fullz_trek1.tif:0612-0352,0.011,42.085,26.088,16,9,105,5.293,9.193,5.296,9.189,0.389
12,d2c2_fullz_trek1.tif:0596-0989,0.013,42.862,15.62,19,13,75,14.848,8.956,14.851,8.959,0.434
13,d2c2_fullz_trek1.tif:0380-0146,0.016,43.042,13.472,38,22,74,2.191,5.697,2.194,5.697,0.467
14,d2c2_fullz_trek1.tif:0107-0404,0.014,43.381,13.173,37,15,65,6.07,1.61,6.071,1.612,0.45
15,d2c2_fullz_trek1.tif:0400-0200,0.013,43.589,17.745,25,16,84,3.002,6.004,3.001,6.003,0.425
16,d2c2_fullz_trek1.tif:0214-0253,0.013,44.525,20.419,52,9,91,3.797,3.216,3.803,3.214,0.44
17,d2c2_fullz_trek1.tif:0800-0932,0.012,44.736,21.737,30,18,97,13.991,12.011,13.99,12.01,0.415
18,d2c2_fullz_trek1.tif:0570-0720,0.015,44.754,18.807,24,14,87,10.803,8.561,10.803,8.561,0.451
19,d2c2_fullz_trek1.tif:0940-0430,0.013,44.772,19.179,21,16,86,6.456,14.122,6.457,14.122,0.437
20,d2c2_fullz_trek1.tif:0664-0941,0.012,45.566,15.31,57,16,75,14.122,9.969,14.124,9.969,0.412
21,d2c2_fullz_trek1.tif:0442-0090,0.014,46,21.862,48,11,97,1.344,6.636,1.344,6.635,0.453
22,d2c2_fullz_trek1.tif:0685-0246,0.014,46.217,18.503,44,16,84,3.7,10.279,3.698,10.278,0.443
23,d2c2_fullz_trek1.tif:0571-0564,0.012,46.218,18.858,36,11,85,8.466,8.581,8.47,8.582,0.423
24,d2c2_fullz_trek1.tif:0856-0498,0.012,46.596,20.634,24,11,90,7.475,12.847,7.473,12.848,0.416
25,d2c2_fullz_trek1.tif:0265-0504,0.013,46.75,20.544,47,16,97,7.557,3.981,7.555,3.982,0.424
26,d2c2_fullz_trek1.tif:0467-1018,0.014,46.766,14.836,35,22,74,15.279,7.009,15.277,7.005,0.456
27,d2c2_fullz_trek1.tif:0383-0112,0.016,47.42,17.828,36,19,91,1.685,5.749,1.688,5.749,0.465
28,d2c2_fullz_trek1.tif:0654-0988,0.015,47.925,17.472,23,21,87,14.828,9.818,14.829,9.819,0.467
29,d2c2_fullz_trek1.tif:0858-0876,0.012,48.302,20.084,25,20,91,13.16,12.879,13.16,12.88,0.424
30,d2c2_fullz_trek1.tif:0636-0281,0.013,48.356,21.505,31,16,100,4.22,9.55,4.226,9.55,0.443
31,d2c2_fullz_trek1.tif:0623-0090,0.019,48.988,13.54,31,21,76,1.362,9.355,1.36,9.356,0.572
32,d2c2_fullz_trek1.tif:0678-0122,0.013,49.161,19.81,27,21,95,1.835,10.176,1.835,10.176,0.429
33,d2c2_fullz_trek1.tif:0163-0822,0.013,49.316,15.92,38,23,79,12.346,2.442,12.349,2.44,0.445
34,d2c2_fullz_trek1.tif:0044-0317,0.02,49.584,15.291,54,18,90,4.763,0.662,4.764,0.662,0.532
35,d2c2_fullz_trek1.tif:0391-0142,0.011,49.83,20.14,36,24,93,2.144,5.882,2.144,5.882,0.396
36,d2c2_fullz_trek1.tif:0110-0288,0.012,50.075,23.858,28,14,104,4.33,1.657,4.329,1.657,0.426
37,d2c2_fullz_trek1.tif:0251-0527,0.012,50.283,23.002,37,15,102,7.912,3.767,7.916,3.769,0.418
38,d2c2_fullz_trek1.tif:0206-0603,0.011,50.292,23.507,34,18,99,9.061,3.1,9.06,3.104,0.394
39,d2c2_fullz_trek1.tif:0064-0415,0.012,50.846,20.12,40,16,93,6.227,0.969,6.227,0.972,0.408
40,d2c2_fullz_trek1.tif:0602-0328,0.016,51.203,19.278,27,19,91,4.924,9.037,4.925,9.04,0.457
41,d2c2_fullz_trek1.tif:0421-0374,0.014,52,20.81,62,20,97,5.62,6.317,5.618,6.319,0.459
42,d2c2_fullz_trek1.tif:0255-0438,0.021,52.38,17.18,35,22,97,6.576,3.827,6.577,3.834,0.532
43,d2c2_fullz_trek1.tif:0067-0367,0.012,52.462,19.017,42,20,88,5.509,1.004,5.51,1.006,0.417
44,d2c2_fullz_trek1.tif:0290-0529,0.01,52.911,30.265,19,10,114,7.939,4.352,7.939,4.351,0.379
45,d2c2_fullz_trek1.tif:0274-0856,0.014,52.922,19.095,33,25,95,12.847,4.126,12.846,4.125,0.455
46,d2c2_fullz_trek1.tif:0892-0662,0.013,52.948,20.583,40,22,101,9.94,13.4,9.941,13.399,0.437
47,d2c2_fullz_trek1.tif:0398-0127,0.011,53.875,21.03,35,24,100,1.91,5.987,1.912,5.988,0.401
48,d2c2_fullz_trek1.tif:0561-1197,0.011,54.204,25.046,39,16,109,17.969,8.423,17.971,8.424,0.395
49,d2c2_fullz_trek1.tif:0112-0609,0.02,54.568,18.967,60,23,97,9.143,1.672,9.144,1.673,0.535
50,d2c2_fullz_trek1.tif:0628-0312,0.014,54.73,20.642,54,21,91,4.689,9.434,4.689,9.435,0.46
51,d2c2_fullz_trek1.tif:0319-0073,0.016,54.761,18.737,32,27,104,1.089,4.79,1.09,4.783,0.48
52,d2c2_fullz_trek1.tif:0044-0481,0.015,55.224,22.452,39,13,102,7.22,0.669,7.221,0.673,0.469
53,d2c2_fullz_trek1.tif:0530-0909,0.013,55.246,22.203,30,21,100,13.64,7.955,13.638,7.955,0.439
54,d2c2_fullz_trek1.tif:0669-0316,0.013,55.375,28.179,33,21,124,4.743,10.056,4.742,10.055,0.424
55,d2c2_fullz_trek1.tif:0386-0225,0.014,55.581,20.301,43,19,101,3.371,5.798,3.371,5.799,0.449
56,d2c2_fullz_trek1.tif:0301-0460,0.016,55.75,18.734,30,20,89,6.903,4.521,6.899,4.525,0.485
57,d2c2_fullz_trek1.tif:0685-0371,0.011,55.833,24.578,32,21,108,5.582,10.28,5.582,10.284,0.401
58,d2c2_fullz_trek1.tif:0478-0167,0.011,56.021,26.483,25,24,116,2.516,7.183,2.516,7.184,0.392
59,d2c2_fullz_trek1.tif:0308-0340,0.011,56.396,24.499,33,18,110,5.102,4.625,5.103,4.626,0.405
60,d2c2_fullz_trek1.tif:0584-0269,0.011,56.612,32.901,86,13,134,4.035,8.77,4.038,8.77,0.398
61,d2c2_fullz_trek1.tif:0548-0688,0.011,57.106,21.952,26,23,102,10.337,8.226,10.337,8.223,0.393
62,d2c2_fullz_trek1.tif:0305-0238,0.014,57.194,25.285,21,20,117,3.579,4.58,3.58,4.582,0.448
63,d2c2_fullz_trek1.tif:0329-0096,0.012,57.491,24.575,31,27,115,1.447,4.943,1.448,4.946,0.417
64,d2c2_fullz_trek1.tif:0458-1186,0.011,57.549,26.954,28,21,117,17.81,6.882,17.812,6.882,0.432
65,d2c2_fullz_trek1.tif:0329-0520,0.013,57.81,23.062,29,24,112,7.812,4.95,7.811,4.95,0.437
66,d2c2_fullz_trek1.tif:0802-0614,0.013,57.828,30.157,27,18,130,9.214,12.048,9.215,12.051,0.431
67,d2c2_fullz_trek1.tif:0419-0064,0.016,58.141,22.639,44,18,105,0.959,6.294,0.963,6.295,0.467
68,d2c2_fullz_trek1.tif:0363-0402,0.013,58.31,22.989,45,16,109,6.033,5.45,6.034,5.455,0.444
69,d2c2_fullz_trek1.tif:0482-0861,0.032,58.507,21.875,30,17,119,12.918,7.235,12.924,7.232,0.671
70,d2c2_fullz_trek1.tif:0567-1143,0.011,58.596,23.901,85,24,108,17.158,8.525,17.158,8.524,0.385
71,d2c2_fullz_trek1.tif:0699-1002,0.034,58.836,12.696,54,25,88,15.042,10.495,15.046,10.493,0.668
72,d2c2_fullz_trek1.tif:0661-1013,0.014,59,22.222,34,19,107,15.202,9.912,15.205,9.911,0.447
73,d2c2_fullz_trek1.tif:0990-0448,0.014,59.032,24.552,28,24,112,6.727,14.857,6.725,14.857,0.449
74,d2c2_fullz_trek1.tif:0488-0602,0.017,59.173,24.342,27,12,113,9.032,7.335,9.032,7.336,0.498
75,d2c2_fullz_trek1.tif:0188-0193,0.01,59.205,26.395,32,18,115,2.903,2.824,2.905,2.823,0.378
76,d2c2_fullz_trek1.tif:0870-0567,0.016,59.3,18.711,51,23,94,8.504,13.062,8.505,13.064,0.479
77,d2c2_fullz_trek1.tif:0491-0957,0.011,59.542,30.042,26,23,126,14.364,7.369,14.366,7.369,0.402
78,d2c2_fullz_trek1.tif:0350-0552,0.012,59.63,29.011,22,22,120,8.289,5.257,8.289,5.256,0.422
79,d2c2_fullz_trek1.tif:0725-0417,0.013,59.914,27.043,32,25,127,6.255,10.882,6.252,10.882,0.444
80,d2c2_fullz_trek1.tif:0278-0696,0.013,60.14,22.332,35,27,106,10.448,4.186,10.449,4.186,0.439
81,d2c2_fullz_trek1.tif:0577-0455,0.02,60.629,23.374,31,18,131,6.827,8.661,6.836,8.665,0.524
82,d2c2_fullz_trek1.tif:0772-0384,0.013,60.643,27.523,47,26,124,5.771,11.593,5.772,11.592,0.438
83,d2c2_fullz_trek1.tif:0037-0626,0.011,60.686,27.177,38,16,118,9.396,0.561,9.396,0.564,0.411
84,d2c2_fullz_trek1.tif:0532-0353,0.012,60.925,21.821,44,28,108,5.305,7.986,5.306,7.988,0.399
85,d2c2_fullz_trek1.tif:0352-0462,0.014,61.183,27.217,52,15,126,6.928,5.29,6.927,5.293,0.436
86,d2c2_fullz_trek1.tif:0453-0056,0.01,61.273,21.664,37,21,101,0.839,6.799,0.833,6.799,0.386
87,d2c2_fullz_trek1.tif:0902-0463,0.013,61.356,25.209,42,26,117,6.941,13.538,6.94,13.538,0.445
88,d2c2_fullz_trek1.tif:0460-0262,0.014,61.387,21.592,79,28,107,3.936,6.909,3.937,6.908,0.465
89,d2c2_fullz_trek1.tif:0737-0342,0.019,61.812,26.902,51,12,117,5.135,11.067,5.133,11.069,0.518
90,d2c2_fullz_trek1.tif:0729-0253,0.014,62.258,24.151,36,23,113,3.794,10.951,3.795,10.951,0.442
91,d2c2_fullz_trek1.tif:0728-0200,0.011,62.809,25.099,37,26,118,3.009,10.931,3.009,10.932,0.412
92,d2c2_fullz_trek1.tif:0473-1186,0.013,62.895,29.656,38,20,128,17.799,7.102,17.799,7.103,0.428
93,d2c2_fullz_trek1.tif:0485-0184,0.016,63,25.764,37,23,133,2.766,7.275,2.768,7.264,0.475
94,d2c2_fullz_trek1.tif:0523-0790,0.013,63.089,23.744,27,25,112,11.864,7.848,11.864,7.849,0.433
95,d2c2_fullz_trek1.tif:0123-0322,0.012,63.109,26.934,68,20,119,4.828,1.847,4.828,1.843,0.417
96,d2c2_fullz_trek1.tif:0728-0323,0.013,63.724,23.55,70,24,113,4.86,10.934,4.859,10.936,0.442
97,d2c2_fullz_trek1.tif:0458-0986,0.011,63.936,29.363,37,25,130,14.806,6.882,14.806,6.881,0.421
98,d2c2_fullz_trek1.tif:0621-1137,0.012,64,33.764,33,14,138,17.064,9.32,17.066,9.32,0.416
99,d2c2_fullz_trek1.tif:0693-0966,0.014,64.161,33.1,55,17,146,14.499,10.401,14.5,10.4,0.443
100,d2c2_fullz_trek1.tif:0446-0341,0.012,64.528,31.738,34,21,136,5.112,6.703,5.112,6.705,0.435
101,d2c2_fullz_trek1.tif:0297-0617,0.011,64.7,37.575,24,18,153,9.263,4.462,9.263,4.464,0.398
102,d2c2_fullz_trek1.tif:0849-0908,0.011,64.755,31.327,38,22,136,13.643,12.747,13.643,12.748,0.396
103,d2c2_fullz_trek1.tif:0586-0743,0.015,65.09,22.724,67,32,111,11.151,8.793,11.151,8.796,0.466
104,d2c2_fullz_trek1.tif:0451-0587,0.015,65.277,29.065,35,28,131,8.802,6.779,8.803,6.778,0.446
105,d2c2_fullz_trek1.tif:0551-0504,0.011,65.4,30.539,44,17,136,7.561,8.279,7.56,8.278,0.4
106,d2c2_fullz_trek1.tif:0102-0428,0.019,65.576,21.813,46,25,110,6.425,1.536,6.427,1.536,0.536
107,d2c2_fullz_trek1.tif:0707-0766,0.015,65.621,23.175,39,25,115,11.494,10.613,11.492,10.616,0.476
108,d2c2_fullz_trek1.tif:0551-0032,0.014,65.7,21.178,53,24,110,0.491,8.281,0.49,8.281,0.446
109,d2c2_fullz_trek1.tif:0138-0358,0.014,66.115,41.889,29,8,176,5.367,2.072,5.371,2.07,0.438
110,d2c2_fullz_trek1.tif:0609-0619,0.014,66.133,31.961,28,25,143,9.295,9.147,9.294,9.147,0.437
111,d2c2_fullz_trek1.tif:0315-0065,0.018,66.936,14.443,59,35,91,0.976,4.73,0.978,4.73,0.497
112,d2c2_fullz_trek1.tif:0617-0982,0.013,67.552,23.556,46,33,116,14.752,9.254,14.752,9.257,0.44
113,d2c2_fullz_trek1.tif:0206-0893,0.013,67.61,31.201,32,22,129,13.416,3.102,13.415,3.104,0.437
114,d2c2_fullz_trek1.tif:0308-0892,0.013,67.621,30.771,54,28,140,13.395,4.623,13.391,4.624,0.446
115,d2c2_fullz_trek1.tif:0293-0219,0.012,67.717,24.208,33,31,114,3.286,4.399,3.287,4.399,0.426
116,d2c2_fullz_trek1.tif:0626-0440,0.011,67.729,25.685,37,33,123,6.611,9.399,6.611,9.402,0.416
117,d2c2_fullz_trek1.tif:0402-0169,0.013,67.982,30.543,78,18,130,2.549,6.037,2.547,6.037,0.434
118,d2c2_fullz_trek1.tif:0220-0790,0.013,68.123,30.677,53,24,140,11.868,3.308,11.868,3.309,0.436
119,d2c2_fullz_trek1.tif:0483-0350,0.016,68.164,25.406,37,29,122,5.262,7.253,5.262,7.253,0.48
120,d2c2_fullz_trek1.tif:0216-0877,0.012,68.396,32.324,38,18,139,13.169,3.241,13.172,3.241,0.406
121,d2c2_fullz_trek1.tif:0564-0494,0.011,68.5,33.426,38,25,145,7.418,8.476,7.419,8.478,0.415
122,d2c2_fullz_trek1.tif:0293-0467,0.014,68.869,29.497,46,22,135,7.001,4.401,7.002,4.405,0.438
123,d2c2_fullz_trek1.tif:0476-0752,0.012,68.962,34.182,31,17,145,11.288,7.15,11.288,7.151,0.417
124,d2c2_fullz_trek1.tif:0427-0798,0.016,69.125,24.415,72,33,124,11.985,6.419,11.985,6.417,0.483
125,d2c2_fullz_trek1.tif:0681-0629,0.012,69.648,27.958,50,24,136,9.451,10.225,9.45,10.229,0.421
126,d2c2_fullz_trek1.tif:0195-0597,0.016,69.681,29.706,48,17,125,8.964,2.925,8.965,2.928,0.485
127,d2c2_fullz_trek1.tif:0675-1069,0.015,69.806,26.153,48,31,120,16.041,10.132,16.042,10.135,0.468
128,d2c2_fullz_trek1.tif:0718-0214,0.016,69.889,24.907,47,27,125,3.21,10.772,3.213,10.772,0.48
129,d2c2_fullz_trek1.tif:0555-0601,0.014,69.9,35.03,33,22,145,9.027,8.338,9.025,8.338,0.431
130,d2c2_fullz_trek1.tif:0591-0773,0.011,70,41.84,35,21,170,11.61,8.872,11.61,8.872,0.394
131,d2c2_fullz_trek1.tif:0628-1006,0.019,70.096,21.535,69,29,116,15.099,9.425,15.1,9.428,0.532
132,d2c2_fullz_trek1.tif:0497-0933,0.014,70.177,36.867,56,16,159,14.009,7.457,14.013,7.459,0.446
133,d2c2_fullz_trek1.tif:0634-0855,0.014,70.547,26.4,56,32,125,12.828,9.514,12.829,9.516,0.457
134,d2c2_fullz_trek1.tif:0579-0755,0.016,70.565,23.975,63,19,111,11.323,8.695,11.321,8.697,0.468
135,d2c2_fullz_trek1.tif:0512-0379,0.013,70.821,24.389,75,31,116,5.686,7.687,5.689,7.687,0.438
136,d2c2_fullz_trek1.tif:0731-0471,0.013,70.825,26.442,45,37,137,7.065,10.971,7.067,10.972,0.437
137,d2c2_fullz_trek1.tif:0627-0841,0.013,70.983,29.341,41,26,136,12.633,9.413,12.629,9.415,0.43
138,d2c2_fullz_trek1.tif:0634-0829,0.011,71,30.879,36,33,142,12.442,9.518,12.441,9.52,0.402
139,d2c2_fullz_trek1.tif:0669-0350,0.012,71.273,38.056,90,20,158,5.255,10.052,5.255,10.051,0.427
140,d2c2_fullz_trek1.tif:0592-1132,0.011,71.82,42.799,28,23,173,16.993,8.891,16.991,8.891,0.411
141,d2c2_fullz_trek1.tif:0273-0350,0.014,71.823,33.357,64,29,155,5.262,4.102,5.262,4.101,0.441
142,d2c2_fullz_trek1.tif:0138-0619,0.014,72.016,24.185,45,28,119,9.292,2.077,9.29,2.077,0.462
143,d2c2_fullz_trek1.tif:0307-0086,0.015,72.343,26.769,53,28,132,1.288,4.6,1.288,4.601,0.468
144,d2c2_fullz_trek1.tif:0374-0702,0.016,72.394,26.277,87,26,117,10.539,5.62,10.54,5.619,0.483
145,d2c2_fullz_trek1.tif:0708-0985,0.012,72.648,27.264,51,28,128,14.783,10.635,14.785,10.634,0.415
146,d2c2_fullz_trek1.tif:0256-0769,0.015,72.746,37.044,26,15,162,11.551,3.838,11.546,3.844,0.461
147,d2c2_fullz_trek1.tif:0104-0581,0.013,72.759,26.28,105,31,123,8.723,1.559,8.72,1.558,0.429
148,d2c2_fullz_trek1.tif:0496-0712,0.014,72.883,26.328,47,29,125,10.691,7.443,10.693,7.444,0.452
149,d2c2_fullz_trek1.tif:0610-0324,0.012,72.889,33.322,36,28,147,4.87,9.166,4.869,9.166,0.428
150,d2c2_fullz_trek1.tif:0282-0573,0.014,73.016,33.025,51,29,146,8.602,4.241,8.601,4.24,0.449
151,d2c2_fullz_trek1.tif:0513-0426,0.022,73.061,31.881,40,32,155,6.391,7.698,6.392,7.691,0.547
152,d2c2_fullz_trek1.tif:0335-0239,0.011,73.1,35.614,46,22,147,3.585,5.022,3.588,5.025,0.404
153,d2c2_fullz_trek1.tif:0614-0511,0.012,73.278,32.529,38,26,144,7.663,9.22,7.664,9.22,0.443
154,d2c2_fullz_trek1.tif:0638-0652,0.011,73.34,36.811,49,24,160,9.793,9.583,9.793,9.585,0.411
155,d2c2_fullz_trek1.tif:0653-1089,0.015,73.723,31.775,74,28,158,16.343,9.812,16.34,9.813,0.472
156,d2c2_fullz_trek1.tif:0491-0243,0.012,73.904,33.659,100,25,149,3.646,7.374,3.647,7.376,0.409
157,d2c2_fullz_trek1.tif:0674-0790,0.013,73.931,32.491,32,29,146,11.86,10.117,11.86,10.119,0.447
158,d2c2_fullz_trek1.tif:0294-0912,0.012,74.164,34.512,31,25,151,13.69,4.418,13.693,4.419,0.423
159,d2c2_fullz_trek1.tif:0500-0121,0.012,74.636,25.59,90,30,124,1.819,7.516,1.823,7.515,0.433
160,d2c2_fullz_trek1.tif:0712-0383,0.012,74.963,30.288,51,18,133,5.749,10.692,5.752,10.695,0.412
161,d2c2_fullz_trek1.tif:0708-0865,0.013,74.966,30.85,37,19,132,12.988,10.622,12.995,10.624,0.43
162,d2c2_fullz_trek1.tif:0522-0676,0.013,75.034,33.358,43,26,149,10.143,7.836,10.141,7.838,0.437
163,d2c2_fullz_trek1.tif:0683-0408,0.014,75.484,24.349,55,40,159,6.127,10.255,6.121,10.261,0.459
164,d2c2_fullz_trek1.tif:0663-0438,0.013,75.638,38.135,38,24,165,6.575,9.958,6.573,9.961,0.429
165,d2c2_fullz_trek1.tif:0410-0414,0.011,75.771,38.457,39,26,160,6.218,6.155,6.218,6.155,0.41
166,d2c2_fullz_trek1.tif:0363-0108,0.02,75.846,23.817,63,35,132,1.621,5.456,1.621,5.454,0.538
167,d2c2_fullz_trek1.tif:1002-0551,0.013,76.121,32.458,46,26,146,8.27,15.036,8.272,15.036,0.435
168,d2c2_fullz_trek1.tif:0788-0624,0.014,77.117,36.169,72,19,154,9.373,11.836,9.374,11.836,0.45
169,d2c2_fullz_trek1.tif:0828-0268,0.013,77.19,33.096,38,27,153,4.022,12.426,4.024,12.424,0.436
170,d2c2_fullz_trek1.tif:0464-1204,0.014,77.213,28.368,36,23,131,18.077,6.976,18.076,6.977,0.457
171,d2c2_fullz_trek1.tif:0193-0529,0.014,77.25,42.061,36,17,180,7.938,2.902,7.938,2.904,0.437
172,d2c2_fullz_trek1.tif:0624-0274,0.011,77.255,46.252,25,13,181,4.115,9.374,4.114,9.377,0.42
173,d2c2_fullz_trek1.tif:0645-0184,0.018,77.397,29.303,69,18,139,2.765,9.682,2.764,9.684,0.52
174,d2c2_fullz_trek1.tif:0693-0869,0.013,77.593,35.184,43,24,146,13.042,10.406,13.044,10.406,0.437
175,d2c2_fullz_trek1.tif:0164-0364,0.014,77.783,30.868,39,30,150,5.466,2.467,5.469,2.466,0.453
176,d2c2_fullz_trek1.tif:0753-0642,0.013,78,34.653,33,29,146,9.64,11.302,9.64,11.303,0.431
177,d2c2_fullz_trek1.tif:0732-0712,0.014,78.095,33.367,45,23,151,10.684,10.99,10.682,10.988,0.454
178,d2c2_fullz_trek1.tif:0882-0497,0.015,78.397,34.109,73,22,162,7.472,13.244,7.471,13.247,0.481
179,d2c2_fullz_trek1.tif:0204-0714,0.01,78.587,25.774,45,35,136,10.724,3.067,10.729,3.069,0.382
180,d2c2_fullz_trek1.tif:0310-0739,0.014,78.703,26.835,56,33,132,11.09,4.654,11.091,4.656,0.465
181,d2c2_fullz_trek1.tif:0548-0669,0.011,79.02,39.801,42,22,171,10.037,8.234,10.038,8.234,0.42
182,d2c2_fullz_trek1.tif:0349-0270,0.014,79.159,34.393,44,27,153,4.051,5.236,4.047,5.239,0.448
183,d2c2_fullz_trek1.tif:0244-0538,0.013,80.19,38.19,43,28,167,8.08,3.662,8.078,3.663,0.432
184,d2c2_fullz_trek1.tif:0067-0704,0.01,80.261,35.096,92,0,147,10.568,1.011,10.572,1.008,0.397
185,d2c2_fullz_trek1.tif:0571-1059,0.013,80.263,39.246,42,27,169,15.892,8.572,15.893,8.572,0.441
186,d2c2_fullz_trek1.tif:0024-0569,0.014,80.391,31.914,57,30,140,8.544,0.362,8.543,0.361,0.46
187,d2c2_fullz_trek1.tif:0716-0740,0.018,80.654,27.339,84,23,138,11.112,10.748,11.107,10.75,0.566
188,d2c2_fullz_trek1.tif:0432-0881,0.011,80.8,40.502,37,33,174,13.227,6.497,13.227,6.496,0.405
189,d2c2_fullz_trek1.tif:0963-0407,0.02,81.069,29.517,45,30,145,6.103,14.448,6.102,14.448,0.546
190,d2c2_fullz_trek1.tif:0562-0824,0.011,81.1,29.364,32,32,140,12.371,8.436,12.369,8.436,0.418
191,d2c2_fullz_trek1.tif:0702-0136,0.016,81.229,33.155,94,28,154,2.045,10.537,2.04,10.538,0.465
192,d2c2_fullz_trek1.tif:0598-0666,0.013,81.825,30.981,45,31,151,9.995,8.969,9.994,8.968,0.439
193,d2c2_fullz_trek1.tif:0863-0469,0.015,82.123,32.074,49,33,151,7.036,12.963,7.037,12.963,0.462
194,d2c2_fullz_trek1.tif:0504-0448,0.016,82.886,36.748,51,24,167,6.721,7.567,6.721,7.567,0.47
195,d2c2_fullz_trek1.tif:0625-0480,0.013,83.271,32.831,91,29,152,7.209,9.386,7.207,9.389,0.442
196,d2c2_fullz_trek1.tif:0451-0143,0.016,83.271,30.138,68,31,148,2.149,6.776,2.151,6.776,0.484
197,d2c2_fullz_trek1.tif:0281-0591,0.019,83.306,30.156,63,26,151,8.882,4.225,8.887,4.227,0.525
198,d2c2_fullz_trek1.tif:0256-0091,0.013,83.356,32.189,41,36,151,1.364,3.844,1.366,3.844,0.444
199,d2c2_fullz_trek1.tif:0752-0440,0.014,83.562,34.459,65,30,152,6.605,11.299,6.601,11.297,0.464
200,d2c2_fullz_trek1.tif:0683-0486,0.011,83.708,33.637,53,28,152,7.306,10.264,7.304,10.265,0.404
201,d2c2_fullz_trek1.tif:0688-0597,0.016,83.971,27.501,53,37,145,8.962,10.325,8.958,10.326,0.493
202,d2c2_fullz_trek1.tif:0438-0867,0.011,84.098,34.429,128,35,156,13.01,6.584,13.01,6.586,0.422
203,d2c2_fullz_trek1.tif:0587-0330,0.013,84.288,29.593,38,38,135,4.958,8.81,4.963,8.817,0.436
204,d2c2_fullz_trek1.tif:0588-0401,0.011,84.449,47.206,36,24,194,6.028,8.824,6.028,8.824,0.382
205,d2c2_fullz_trek1.tif:0703-0926,0.012,84.836,42.057,38,31,184,13.903,10.55,13.905,10.552,0.425
206,d2c2_fullz_trek1.tif:0324-0441,0.012,85.058,38.199,36,23,163,6.617,4.869,6.618,4.871,0.435
207,d2c2_fullz_trek1.tif:0605-1119,0.016,85.551,45.715,24,20,194,16.803,9.076,16.798,9.076,0.462
208,d2c2_fullz_trek1.tif:0345-0894,0.011,85.569,47.322,35,20,199,13.418,5.184,13.418,5.185,0.408
209,d2c2_fullz_trek1.tif:0635-0387,0.014,86.167,40.155,55,30,182,5.807,9.534,5.81,9.534,0.435
210,d2c2_fullz_trek1.tif:0153-0756,0.012,86.17,45.54,41,28,186,11.351,2.295,11.35,2.298,0.421
211,d2c2_fullz_trek1.tif:0541-0420,0.011,86.255,51.921,48,18,213,6.317,8.118,6.316,8.119,0.397
212,d2c2_fullz_trek1.tif:0567-0462,0.01,86.279,43.226,52,29,187,6.94,8.517,6.94,8.517,0.385
213,d2c2_fullz_trek1.tif:0258-0560,0.012,86.365,38.93,39,37,172,8.416,3.876,8.415,3.877,0.431
214,d2c2_fullz_trek1.tif:0515-0659,0.012,86.836,36.617,57,37,168,9.883,7.727,9.883,7.727,0.44
215,d2c2_fullz_trek1.tif:0362-0174,0.014,86.871,43.655,48,31,202,2.608,5.441,2.607,5.445,0.45
216,d2c2_fullz_trek1.tif:0634-1105,0.011,86.941,38.955,50,30,173,16.591,9.528,16.592,9.528,0.412
217,d2c2_fullz_trek1.tif:0187-0549,0.021,87.064,31.356,38,21,147,8.251,2.815,8.252,2.813,0.571
218,d2c2_fullz_trek1.tif:0517-0686,0.017,87.455,35.971,77,40,183,10.303,7.764,10.302,7.763,0.499
219,d2c2_fullz_trek1.tif:0127-0384,0.011,87.706,46.372,59,26,198,5.772,1.918,5.771,1.916,0.41
220,d2c2_fullz_trek1.tif:0692-0923,0.012,87.849,40.044,85,32,173,13.852,10.395,13.854,10.395,0.43
221,d2c2_fullz_trek1.tif:0394-0468,0.012,87.906,42.521,48,31,184,7.036,5.918,7.037,5.917,0.426
222,d2c2_fullz_trek1.tif:0553-1146,0.011,87.96,39.897,47,39,176,17.199,8.309,17.201,8.312,0.402
223,d2c2_fullz_trek1.tif:0566-0320,0.014,87.983,43.988,57,27,197,4.809,8.498,4.809,8.497,0.449
224,d2c2_fullz_trek1.tif:0204-0515,0.011,88,45.441,42,25,191,7.726,3.071,7.726,3.072,0.418
225,d2c2_fullz_trek1.tif:0492-1073,0.017,88.547,39.374,38,36,182,16.105,7.389,16.104,7.392,0.494
226,d2c2_fullz_trek1.tif:0702-0125,0.017,89.16,31.17,57,32,150,1.874,10.53,1.879,10.533,0.497
227,d2c2_fullz_trek1.tif:0709-0883,0.014,90.098,39.672,43,33,178,13.248,10.643,13.245,10.644,0.442
228,d2c2_fullz_trek1.tif:0608-0098,0.018,90.667,34.086,82,30,162,1.472,9.133,1.469,9.133,0.512
229,d2c2_fullz_trek1.tif:0728-0528,0.011,90.812,53.94,25,25,213,7.937,10.926,7.937,10.924,0.398
230,d2c2_fullz_trek1.tif:0844-0523,0.012,91.077,49.055,45,24,205,7.848,12.673,7.85,12.675,0.422
231,d2c2_fullz_trek1.tif:0435-0168,0.015,91.368,38.877,89,30,176,2.523,6.527,2.519,6.53,0.486
232,d2c2_fullz_trek1.tif:0253-0456,0.011,91.431,45.466,48,23,196,6.841,3.801,6.84,3.804,0.408
233,d2c2_fullz_trek1.tif:0374-0906,0.011,91.766,54.158,55,28,216,13.608,5.62,13.609,5.618,0.408
234,d2c2_fullz_trek1.tif:0733-1074,0.014,91.844,32.805,65,37,153,16.127,11.009,16.129,11.013,0.441
235,d2c2_fullz_trek1.tif:0610-0368,0.012,92.075,46.018,44,31,194,5.53,9.168,5.528,9.169,0.43
236,d2c2_fullz_trek1.tif:0480-1064,0.013,92.259,42.15,41,41,185,15.977,7.214,15.975,7.213,0.449
237,d2c2_fullz_trek1.tif:0475-0802,0.013,92.458,38.06,65,34,169,12.04,7.13,12.039,7.131,0.454
238,d2c2_fullz_trek1.tif:0942-0734,0.012,92.593,45.687,49,32,194,11.024,14.15,11.025,14.151,0.433
239,d2c2_fullz_trek1.tif:0753-0414,0.018,92.705,33.034,54,38,168,6.222,11.306,6.222,11.307,0.497
240,d2c2_fullz_trek1.tif:0719-0944,0.017,92.753,50.212,39,28,232,14.166,10.795,14.163,10.795,0.489
241,d2c2_fullz_trek1.tif:0321-0424,0.013,93.175,44.853,51,32,193,6.369,4.817,6.368,4.819,0.437
242,d2c2_fullz_trek1.tif:0460-0284,0.02,93.295,37.46,65,41,191,4.273,6.911,4.264,6.907,0.581
243,d2c2_fullz_trek1.tif:0450-1122,0.013,93.362,39.081,37,32,181,16.837,6.762,16.835,6.765,0.44
244,d2c2_fullz_trek1.tif:0439-0390,0.014,93.453,38.416,43,42,175,5.853,6.589,5.853,6.59,0.462
245,d2c2_fullz_trek1.tif:0970-0622,0.018,93.468,32.288,54,43,156,9.34,14.573,9.34,14.574,0.517
246,d2c2_fullz_trek1.tif:0103-0455,0.014,93.492,45.933,47,30,197,6.827,1.557,6.829,1.558,0.444
247,d2c2_fullz_trek1.tif:0253-0356,0.012,93.66,50.521,46,33,209,5.346,3.802,5.345,3.802,0.417
248,d2c2_fullz_trek1.tif:0243-0421,0.013,93.895,43.904,68,38,192,6.321,3.658,6.32,3.656,0.429
249,d2c2_fullz_trek1.tif:0363-0540,0.011,94,48.447,48,28,204,8.102,5.459,8.1,5.459,0.407
250,d2c2_fullz_trek1.tif:0289-0606,0.016,94.171,44.302,51,32,190,9.095,4.341,9.094,4.34,0.475
251,d2c2_fullz_trek1.tif:0393-0067,0.015,94.308,31.615,57,42,153,1.005,5.902,1.004,5.903,0.464
252,d2c2_fullz_trek1.tif:0819-0186,0.013,94.719,50.53,41,30,208,2.795,12.307,2.793,12.306,0.426
253,d2c2_fullz_trek1.tif:0544-0522,0.014,94.721,43.214,50,35,188,7.832,8.172,7.828,8.174,0.455
254,d2c2_fullz_trek1.tif:0484-1244,0.015,95,39.955,54,43,181,18.678,7.259,18.677,7.257,0.459
255,d2c2_fullz_trek1.tif:0242-0080,0.014,95.283,41.773,68,40,194,1.204,3.628,1.205,3.628,0.444
256,d2c2_fullz_trek1.tif:0265-0806,0.012,95.365,55.876,25,25,224,12.103,3.975,12.104,3.978,0.413
257,d2c2_fullz_trek1.tif:0849-0218,0.015,95.538,31.661,82,35,156,3.266,12.745,3.257,12.746,0.449
258,d2c2_fullz_trek1.tif:0026-0603,0.012,95.906,56.645,38,27,228,9.048,0.4,9.05,0.4,0.423
259,d2c2_fullz_trek1.tif:0702-0667,0.011,96,48.806,87,28,202,10.009,10.539,10.009,10.539,0.42
260,d2c2_fullz_trek1.tif:0680-0513,0.012,96,33.023,71,44,165,7.698,10.207,7.697,10.208,0.428
261,d2c2_fullz_trek1.tif:0532-0614,0.017,96.117,34.836,129,43,178,9.22,7.993,9.219,7.993,0.496
262,d2c2_fullz_trek1.tif:0636-0216,0.012,96.127,40.74,37,37,180,3.245,9.546,3.244,9.546,0.431
263,d2c2_fullz_trek1.tif:0694-0161,0.02,96.505,32.795,71,39,163,2.409,10.42,2.413,10.419,0.53
264,d2c2_fullz_trek1.tif:0548-0512,0.014,97,49.623,89,33,218,7.682,8.23,7.678,8.228,0.456
265,d2c2_fullz_trek1.tif:0381-0122,0.022,97.083,36.085,67,34,167,1.832,5.73,1.831,5.73,0.549
266,d2c2_fullz_trek1.tif:0596-1010,0.016,97.083,43.603,64,27,183,15.153,8.949,15.152,8.949,0.484
267,d2c2_fullz_trek1.tif:0848-0333,0.012,97.148,47.635,47,27,204,4.996,12.729,4.994,12.729,0.435
268,d2c2_fullz_trek1.tif:0380-0162,0.023,97.39,41.906,65,37,218,2.425,5.714,2.421,5.711,0.563
269,d2c2_fullz_trek1.tif:0662-0160,0.016,97.754,40.407,98,43,190,2.408,9.934,2.405,9.933,0.459
270,d2c2_fullz_trek1.tif:0777-0350,0.018,97.988,36.404,80,41,176,5.258,11.665,5.258,11.664,0.514
271,d2c2_fullz_trek1.tif:0695-0185,0.016,98.704,49.233,57,29,234,2.786,10.432,2.798,10.433,0.468
272,d2c2_fullz_trek1.tif:0478-1162,0.014,98.71,38.585,51,36,168,17.438,7.178,17.437,7.177,0.46
273,d2c2_fullz_trek1.tif:0048-0307,0.012,98.962,38.297,64,43,227,4.62,0.733,4.613,0.738,0.402
274,d2c2_fullz_trek1.tif:0378-0375,0.014,99.475,48.032,68,32,205,5.623,5.671,5.626,5.671,0.439
275,d2c2_fullz_trek1.tif:0728-0500,0.011,99.583,47.813,58,34,203,7.509,10.933,7.507,10.931,0.415
276,d2c2_fullz_trek1.tif:0638-0685,0.013,99.596,45.22,57,40,201,10.281,9.577,10.283,9.576,0.439
277,d2c2_fullz_trek1.tif:0183-0302,0.015,99.866,36.122,64,46,175,4.54,2.752,4.543,2.755,0.461
278,d2c2_fullz_trek1.tif:0230-0580,0.012,99.906,49.952,43,31,212,8.702,3.457,8.699,3.458,0.422
279,d2c2_fullz_trek1.tif:0548-0337,0.018,100.346,43.43,94,38,208,5.068,8.234,5.067,8.231,0.489
280,d2c2_fullz_trek1.tif:0905-0420,0.018,100.362,34.617,69,44,170,6.301,13.584,6.298,13.585,0.518
281,d2c2_fullz_trek1.tif:0663-0381,0.014,100.383,48.511,72,34,210,5.723,9.952,5.724,9.953,0.445
282,d2c2_fullz_trek1.tif:0287-0837,0.012,100.692,54.114,57,28,217,12.561,4.306,12.564,4.308,0.412
283,d2c2_fullz_trek1.tif:0678-0439,0.018,101,43.733,57,26,211,6.582,10.179,6.589,10.182,0.502
284,d2c2_fullz_trek1.tif:0592-0726,0.014,101.1,51.293,52,30,215,10.903,8.897,10.903,8.899,0.443
285,d2c2_fullz_trek1.tif:0272-0314,0.016,101.282,39.163,76,38,185,4.721,4.083,4.722,4.084,0.489
286,d2c2_fullz_trek1.tif:0538-0922,0.019,101.47,41.209,47,27,197,13.85,8.079,13.85,8.08,0.51
287,d2c2_fullz_trek1.tif:0677-0188,0.011,101.617,65.418,31,25,262,2.825,10.168,2.825,10.168,0.399
288,d2c2_fullz_trek1.tif:0440-0670,0.017,101.909,35.94,91,33,176,10.058,6.617,10.058,6.618,0.497
289,d2c2_fullz_trek1.tif:0467-0375,0.015,102,46.93,43,26,192,5.62,7.015,5.62,7.022,0.463
290,d2c2_fullz_trek1.tif:0812-0870,0.014,102.3,46.749,58,44,216,13.061,12.198,13.064,12.196,0.454
291,d2c2_fullz_trek1.tif:0251-0285,0.012,102.308,58.244,42,31,239,4.282,3.78,4.283,3.779,0.406
292,d2c2_fullz_trek1.tif:0429-0255,0.011,102.46,48.572,55,35,207,3.841,6.44,3.84,6.44,0.409
293,d2c2_fullz_trek1.tif:0798-0505,0.016,102.472,37.165,92,39,190,7.585,11.987,7.59,11.986,0.483
294,d2c2_fullz_trek1.tif:0440-0494,0.013,102.772,47.442,59,25,199,7.414,6.602,7.413,6.602,0.436
295,d2c2_fullz_trek1.tif:0376-0586,0.013,102.964,43.031,68,37,198,8.801,5.655,8.803,5.653,0.448
296,d2c2_fullz_trek1.tif:0619-1112,0.012,103,46.024,89,44,214,16.691,9.293,16.691,9.292,0.421
297,d2c2_fullz_trek1.tif:0709-0281,0.015,103.552,44.305,81,37,193,4.216,10.637,4.216,10.637,0.467
298,d2c2_fullz_trek1.tif:0298-0777,0.014,103.562,40.556,54,49,194,11.661,4.471,11.66,4.472,0.454
299,d2c2_fullz_trek1.tif:0364-0633,0.014,103.629,57.129,85,27,241,9.504,5.459,9.505,5.457,0.447
300,d2c2_fullz_trek1.tif:0600-1036,0.014,103.774,48.649,77,41,222,15.553,9.01,15.553,9.011,0.455
301,d2c2_fullz_trek1.tif:0341-0054,0.01,103.848,55.048,36,0,219,0.812,5.123,0.804,5.124,0.405
302,d2c2_fullz_trek1.tif:0451-0782,0.021,103.979,37.039,51,33,177,11.735,6.767,11.735,6.766,0.548
303,d2c2_fullz_trek1.tif:0612-0842,0.016,104.014,46.326,68,40,217,12.645,9.197,12.644,9.198,0.464
304,d2c2_fullz_trek1.tif:0666-0189,0.011,104.021,59.399,39,33,238,2.838,9.996,2.84,9.996,0.397
305,d2c2_fullz_trek1.tif:0315-0139,0.011,104.306,52.279,62,34,220,2.085,4.736,2.085,4.736,0.401
306,d2c2_fullz_trek1.tif:0381-0656,0.016,104.571,51.306,48,35,226,9.856,5.723,9.857,5.726,0.477
307,d2c2_fullz_trek1.tif:0638-0452,0.016,104.714,38.765,84,43,194,6.783,9.575,6.784,9.574,0.495
308,d2c2_fullz_trek1.tif:0299-0076,0.024,104.778,47.53,105,20,209,1.141,4.492,1.134,4.492,0.579
309,d2c2_fullz_trek1.tif:0478-0902,0.018,104.833,44.992,55,42,201,13.535,7.175,13.535,7.176,0.5
310,d2c2_fullz_trek1.tif:0591-0226,0.013,105.123,50.589,49,33,210,3.393,8.868,3.394,8.867,0.436
311,d2c2_fullz_trek1.tif:0627-0614,0.016,105.319,51.901,79,34,229,9.227,9.417,9.23,9.414,0.481
312,d2c2_fullz_trek1.tif:0431-0181,0.013,105.847,49.642,95,43,217,2.714,6.472,2.713,6.475,0.43
313,d2c2_fullz_trek1.tif:0604-0043,0.018,107.938,36.106,71,48,185,0.648,9.062,0.649,9.063,0.498
314,d2c2_fullz_trek1.tif:0975-0393,0.013,107.982,63.276,43,32,263,5.896,14.637,5.896,14.639,0.422
315,d2c2_fullz_trek1.tif:0212-0856,0.014,108.031,44.921,65,39,203,12.847,3.186,12.846,3.186,0.461
316,d2c2_fullz_trek1.tif:0580-0100,0.017,108.487,42.343,45,45,187,1.501,8.711,1.507,8.714,0.493
317,d2c2_fullz_trek1.tif:0439-0474,0.013,108.719,48.868,77,40,225,7.113,6.604,7.114,6.601,0.432
318,d2c2_fullz_trek1.tif:0822-0217,0.016,108.729,55.232,54,33,240,3.256,12.332,3.259,12.334,0.469
319,d2c2_fullz_trek1.tif:0729-1034,0.017,109.23,45.354,134,36,212,15.529,10.942,15.532,10.939,0.485
320,d2c2_fullz_trek1.tif:0145-0420,0.016,109.254,34.771,67,37,175,6.315,2.189,6.312,2.186,0.476
321,d2c2_fullz_trek1.tif:0139-0416,0.017,109.263,39.404,55,40,186,6.245,2.085,6.249,2.092,0.49
322,d2c2_fullz_trek1.tif:0533-1096,0.012,109.345,46.251,44,42,199,16.452,7.996,16.452,7.997,0.435
323,d2c2_fullz_trek1.tif:0518-0764,0.01,109.413,59.224,40,27,238,11.472,7.777,11.47,7.775,0.403
324,d2c2_fullz_trek1.tif:0596-0197,0.014,109.444,44.035,66,50,211,2.956,8.943,2.958,8.942,0.465
325,d2c2_fullz_trek1.tif:0201-0630,0.016,109.667,42.741,46,38,198,9.457,3.021,9.455,3.02,0.462
326,d2c2_fullz_trek1.tif:0498-0507,0.017,110.054,44.771,54,47,213,7.612,7.475,7.613,7.476,0.493
327,d2c2_fullz_trek1.tif:0924-0471,0.014,110.238,50.526,49,46,225,7.072,13.869,7.073,13.869,0.465
328,d2c2_fullz_trek1.tif:0482-0774,0.018,110.897,45.412,73,35,228,11.613,7.243,11.61,7.241,0.495
329,d2c2_fullz_trek1.tif:0654-0418,0.017,110.919,49.186,92,37,231,6.272,9.814,6.272,9.816,0.499
330,d2c2_fullz_trek1.tif:0469-0991,0.016,110.986,47.656,61,36,208,14.872,7.041,14.874,7.042,0.469
331,d2c2_fullz_trek1.tif:0924-0657,0.012,111.073,58.601,60,34,247,9.862,13.879,9.864,13.878,0.429
332,d2c2_fullz_trek1.tif:0011-0575,0.013,111.088,59.905,84,38,252,8.623,0.177,8.626,0.177,0.429
333,d2c2_fullz_trek1.tif:0653-0604,0.036,111.459,45.357,110,35,240,9.062,9.799,9.059,9.795,0.694
334,d2c2_fullz_trek1.tif:0691-0217,0.014,111.492,54.064,84,37,233,3.255,10.367,3.254,10.368,0.46
335,d2c2_fullz_trek1.tif:0068-0394,0.019,112.19,42.542,80,43,202,5.928,1.028,5.927,1.03,0.534
336,d2c2_fullz_trek1.tif:0083-0355,0.016,112.384,48.808,116,36,220,5.329,1.248,5.329,1.249,0.48
337,d2c2_fullz_trek1.tif:0514-1214,0.016,112.478,49.937,73,24,208,18.218,7.726,18.216,7.727,0.479
338,d2c2_fullz_trek1.tif:0410-0810,0.011,113.1,73.582,44,23,286,12.161,6.165,12.158,6.165,0.408
339,d2c2_fullz_trek1.tif:0828-0478,0.014,113.468,54.229,71,44,233,7.178,12.424,7.175,12.424,0.449
340,d2c2_fullz_trek1.tif:0440-0560,0.014,113.967,62.161,42,31,256,8.41,6.604,8.409,6.602,0.445
341,d2c2_fullz_trek1.tif:0670-0154,0.015,114.194,61.082,57,30,256,2.31,10.062,2.303,10.065,0.459
342,d2c2_fullz_trek1.tif:0525-0032,0.014,115.156,56.534,50,33,252,0.489,7.884,0.488,7.886,0.452
343,d2c2_fullz_trek1.tif:0770-0404,0.013,115.322,52.484,80,44,238,6.063,11.553,6.063,11.557,0.448
344,d2c2_fullz_trek1.tif:0369-0618,0.014,115.403,60.044,47,29,254,9.284,5.541,9.283,5.544,0.444
345,d2c2_fullz_trek1.tif:0412-0767,0.015,115.576,48.253,115,51,217,11.516,6.177,11.515,6.176,0.463
346,d2c2_fullz_trek1.tif:0592-0467,0.014,115.629,46.824,68,46,218,7.006,8.891,7.007,8.888,0.459
347,d2c2_fullz_trek1.tif:0143-0300,0.012,115.904,62.928,54,25,262,4.509,2.142,4.509,2.143,0.438
348,d2c2_fullz_trek1.tif:0371-0081,0.015,116.231,48.752,99,43,212,1.214,5.573,1.206,5.571,0.46
349,d2c2_fullz_trek1.tif:0637-1090,0.011,116.32,51.698,62,32,226,16.377,9.565,16.376,9.567,0.404
350,d2c2_fullz_trek1.tif:0382-0549,0.014,116.557,54.327,197,46,235,8.243,5.736,8.243,5.735,0.447
351,d2c2_fullz_trek1.tif:0188-0584,0.013,116.684,65.543,53,33,282,8.766,2.822,8.767,2.823,0.444
352,d2c2_fullz_trek1.tif:0813-0894,0.016,116.743,51.732,54,45,222,13.423,12.204,13.423,12.205,0.473
353,d2c2_fullz_trek1.tif:0583-1180,0.016,116.767,58.168,134,0,264,17.713,8.755,17.716,8.758,0.498
354,d2c2_fullz_trek1.tif:0995-0493,0.013,116.862,60.589,105,41,263,7.403,14.947,7.404,14.947,0.438
355,d2c2_fullz_trek1.tif:0458-1116,0.017,116.865,49.914,59,34,220,16.753,6.877,16.753,6.876,0.492
356,d2c2_fullz_trek1.tif:0433-0673,0.016,117.343,45.53,56,56,224,10.094,6.501,10.096,6.501,0.488
357,d2c2_fullz_trek1.tif:0216-0594,0.018,117.5,46.792,40,40,205,8.918,3.243,8.92,3.243,0.505
358,d2c2_fullz_trek1.tif:0192-0277,0.018,117.937,50.541,132,42,232,4.156,2.888,4.16,2.892,0.506
359,d2c2_fullz_trek1.tif:0423-0131,0.02,118.247,53.911,125,30,225,1.971,6.355,1.98,6.356,0.532
360,d2c2_fullz_trek1.tif:0489-0617,0.014,118.429,57.346,63,36,260,9.262,7.347,9.261,7.348,0.44
361,d2c2_fullz_trek1.tif:0820-0494,0.013,118.482,62.735,42,38,262,7.424,12.31,7.424,12.309,0.442
362,d2c2_fullz_trek1.tif:0901-0678,0.014,118.484,56.402,52,34,245,10.18,13.528,10.179,13.528,0.445
363,d2c2_fullz_trek1.tif:0685-0994,0.017,118.571,55.278,57,48,245,14.929,10.29,14.929,10.287,0.495
364,d2c2_fullz_trek1.tif:0272-0710,0.012,118.636,54.902,124,38,243,10.659,4.089,10.657,4.089,0.433
365,d2c2_fullz_trek1.tif:0523-0348,0.014,118.766,61.213,54,39,258,5.231,7.854,5.233,7.855,0.452
366,d2c2_fullz_trek1.tif:0672-0418,0.019,118.953,55.29,122,27,231,6.276,10.087,6.268,10.097,0.521
367,d2c2_fullz_trek1.tif:0752-0457,0.014,119.016,50.584,67,44,222,6.858,11.296,6.858,11.295,0.462
368,d2c2_fullz_trek1.tif:0190-0307,0.017,119.149,44.577,86,46,209,4.611,2.852,4.61,2.851,0.48
369,d2c2_fullz_trek1.tif:0580-0807,0.014,119.548,53.89,52,46,241,12.113,8.701,12.115,8.7,0.442
370,d2c2_fullz_trek1.tif:0370-0278,0.015,119.848,54.203,97,43,214,4.187,5.56,4.184,5.566,0.462
371,d2c2_fullz_trek1.tif:0678-0216,0.016,119.903,55.909,112,36,248,3.246,10.178,3.246,10.175,0.482
372,d2c2_fullz_trek1.tif:0978-0601,0.016,120.261,53.028,88,48,246,9.016,14.681,9.014,14.68,0.476
373,d2c2_fullz_trek1.tif:0934-0392,0.012,120.423,66.974,45,33,284,5.887,14.028,5.883,14.027,0.427
374,d2c2_fullz_trek1.tif:0472-0938,0.012,120.538,52.863,61,48,235,14.082,7.093,14.084,7.092,0.432
375,d2c2_fullz_trek1.tif:0356-0472,0.015,120.597,43.029,57,45,203,7.082,5.356,7.082,5.362,0.451
376,d2c2_fullz_trek1.tif:0556-0742,0.011,121.122,62.213,57,46,266,11.145,8.354,11.146,8.353,0.422
377,d2c2_fullz_trek1.tif:0357-0124,0.017,121.227,45.005,108,56,216,1.863,5.366,1.862,5.366,0.485
378,d2c2_fullz_trek1.tif:0652-1023,0.016,121.314,42.197,71,48,204,15.355,9.795,15.349,9.792,0.462
379,d2c2_fullz_trek1.tif:0541-0593,0.014,121.377,65.378,116,34,271,8.905,8.123,8.907,8.122,0.445
380,d2c2_fullz_trek1.tif:0538-0683,0.012,121.981,67.021,43,36,276,10.249,8.076,10.248,8.074,0.428
381,d2c2_fullz_trek1.tif:0415-0990,0.016,122.319,48.308,76,53,229,14.86,6.229,14.86,6.229,0.481
382,d2c2_fullz_trek1.tif:0433-0605,0.012,122.389,75.814,33,33,310,9.082,6.511,9.081,6.51,0.422
383,d2c2_fullz_trek1.tif:0687-0477,0.013,122.424,53.804,63,44,240,7.153,10.314,7.155,10.315,0.432
384,d2c2_fullz_trek1.tif:0278-0603,0.018,122.443,59.323,51,37,255,9.045,4.183,9.041,4.185,0.498
385,d2c2_fullz_trek1.tif:0461-0711,0.013,122.458,52.709,55,55,239,10.674,6.92,10.672,6.92,0.425
386,d2c2_fullz_trek1.tif:0150-0681,0.014,122.5,47.866,92,44,222,10.224,2.249,10.225,2.248,0.454
387,d2c2_fullz_trek1.tif:0705-0416,0.016,122.729,40.787,131,51,197,6.239,10.578,6.233,10.58,0.485
388,d2c2_fullz_trek1.tif:0357-0746,0.012,122.764,60.211,78,49,263,11.198,5.357,11.2,5.357,0.429
389,d2c2_fullz_trek1.tif:0661-0592,0.016,123.029,70.942,56,38,301,8.891,9.925,8.89,9.923,0.466
390,d2c2_fullz_trek1.tif:0283-0287,0.014,123.403,65.076,61,35,275,4.306,4.249,4.307,4.25,0.448
391,d2c2_fullz_trek1.tif:0510-0255,0.016,123.614,55.571,74,36,261,3.835,7.665,3.836,7.663,0.465
392,d2c2_fullz_trek1.tif:0698-0371,0.014,123.852,59.731,65,37,260,5.57,10.477,5.569,10.478,0.464
393,d2c2_fullz_trek1.tif:0735-0411,0.017,123.934,50.396,84,53,253,6.167,11.032,6.17,11.028,0.505
394,d2c2_fullz_trek1.tif:0266-0441,0.018,124.237,52.965,92,48,249,6.616,3.997,6.617,3.994,0.492
395,d2c2_fullz_trek1.tif:0564-0813,0.013,124.322,61.157,54,43,267,12.206,8.473,12.207,8.473,0.449
396,d2c2_fullz_trek1.tif:0499-1092,0.03,124.437,52.657,137,32,261,16.384,7.508,16.388,7.494,0.653
397,d2c2_fullz_trek1.tif:0426-0748,0.011,124.451,61.62,63,41,254,11.229,6.4,11.228,6.401,0.423
398,d2c2_fullz_trek1.tif:0729-0426,0.016,124.6,50.215,46,38,215,6.404,10.948,6.405,10.951,0.471
399,d2c2_fullz_trek1.tif:0060-0618,0.012,124.655,66.229,76,35,274,9.271,0.896,9.269,0.897,0.434
400,d2c2_fullz_trek1.tif:0248-0851,0.013,125.052,59.782,57,49,260,12.772,3.73,12.772,3.729,0.448
401,d2c2_fullz_trek1.tif:0338-0649,0.015,125.077,56.157,96,45,246,9.75,5.085,9.75,5.085,0.466
402,d2c2_fullz_trek1.tif:0482-0690,0.012,125.396,64.152,49,39,265,10.364,7.238,10.363,7.237,0.427
403,d2c2_fullz_trek1.tif:0584-0938,0.016,125.639,50.817,72,54,233,14.077,8.772,14.078,8.773,0.483
404,d2c2_fullz_trek1.tif:0517-0268,0.015,125.708,58.375,60,50,259,4.025,7.761,4.025,7.76,0.472
405,d2c2_fullz_trek1.tif:0800-0290,0.015,126.364,50.919,80,47,234,4.364,12.01,4.364,12.01,0.475
406,d2c2_fullz_trek1.tif:0449-0518,0.019,126.929,52.385,106,41,230,7.77,6.738,7.768,6.737,0.508
407,d2c2_fullz_trek1.tif:0459-1012,0.014,127.082,67.503,94,30,270,15.193,6.893,15.192,6.896,0.441
408,d2c2_fullz_trek1.tif:0785-1007,0.012,127.192,77.045,83,38,316,15.117,11.785,15.119,11.786,0.408
409,d2c2_fullz_trek1.tif:0622-0107,0.017,127.276,53.324,83,45,243,1.607,9.343,1.61,9.344,0.494
410,d2c2_fullz_trek1.tif:0611-0705,0.014,127.444,57.448,155,45,256,10.579,9.173,10.576,9.173,0.459
411,d2c2_fullz_trek1.tif:0516-1202,0.017,127.532,55.447,63,45,255,18.049,7.749,18.049,7.75,0.502
412,d2c2_fullz_trek1.tif:0732-0230,0.014,127.889,73.117,44,44,308,3.448,10.991,3.447,10.993,0.456
413,d2c2_fullz_trek1.tif:0113-0380,0.018,127.936,56.187,79,33,247,5.707,1.692,5.706,1.694,0.5
414,d2c2_fullz_trek1.tif:0275-0429,0.019,128.674,61.614,131,37,276,6.444,4.127,6.443,4.129,0.516
415,d2c2_fullz_trek1.tif:0050-0363,0.021,129.194,46.886,95,47,226,5.45,0.755,5.452,0.757,0.54
416,d2c2_fullz_trek1.tif:0466-0147,0.012,129.423,79.53,51,41,317,2.205,7.005,2.206,7.006,0.418
417,d2c2_fullz_trek1.tif:0228-0134,0.013,129.789,76.379,31,31,306,2.012,3.422,2.01,3.423,0.439
418,d2c2_fullz_trek1.tif:0253-0818,0.016,129.887,62.245,59,43,261,12.283,3.806,12.281,3.805,0.483
419,d2c2_fullz_trek1.tif:0990-0565,0.016,130.648,59.156,52,41,266,8.482,14.867,8.483,14.869,0.487
420,d2c2_fullz_trek1.tif:0288-0386,0.016,130.714,56.831,58,51,255,5.804,4.332,5.803,4.334,0.482
421,d2c2_fullz_trek1.tif:0215-0909,0.011,131.213,77.847,42,30,321,13.646,3.231,13.649,3.233,0.39
422,d2c2_fullz_trek1.tif:0838-0540,0.019,131.277,56.925,59,48,257,8.114,12.573,8.115,12.574,0.51
423,d2c2_fullz_trek1.tif:0597-0630,0.016,131.423,62.313,99,42,300,9.459,8.961,9.461,8.956,0.5
424,d2c2_fullz_trek1.tif:0749-0716,0.014,131.667,67.933,52,46,293,10.751,11.236,10.75,11.236,0.46
425,d2c2_fullz_trek1.tif:0267-0523,0.016,131.729,59.697,65,48,271,7.857,4.009,7.857,4.008,0.478
426,d2c2_fullz_trek1.tif:0181-0560,0.014,132.079,55.847,57,44,246,8.4,2.713,8.396,2.718,0.459
427,d2c2_fullz_trek1.tif:0613-0429,0.016,132.143,64.007,54,50,278,6.441,9.192,6.44,9.195,0.48
428,d2c2_fullz_trek1.tif:0676-0715,0.014,132.4,66.136,66,47,278,10.731,10.146,10.73,10.146,0.45
429,d2c2_fullz_trek1.tif:0441-0103,0.017,133.014,67.698,83,43,310,1.544,6.633,1.545,6.632,0.474
430,d2c2_fullz_trek1.tif:0499-0599,0.016,133.347,42.744,162,49,234,8.989,7.493,8.995,7.491,0.473
431,d2c2_fullz_trek1.tif:0986-0415,0.019,133.964,58.297,80,54,265,6.24,14.798,6.241,14.798,0.516
432,d2c2_fullz_trek1.tif:0658-0357,0.014,134.111,74.234,76,41,317,5.36,9.872,5.363,9.87,0.443
433,d2c2_fullz_trek1.tif:0686-0508,0.017,134.519,58.591,94,52,277,7.637,10.303,7.638,10.303,0.497
434,d2c2_fullz_trek1.tif:0362-0197,0.012,134.889,77.541,119,35,318,2.953,5.437,2.954,5.435,0.435
435,d2c2_fullz_trek1.tif:0838-0234,0.015,134.985,68.807,61,51,298,3.518,12.575,3.519,12.575,0.456
436,d2c2_fullz_trek1.tif:0473-0652,0.012,135.057,64.045,81,41,272,9.785,7.102,9.785,7.104,0.424
437,d2c2_fullz_trek1.tif:0406-1209,0.013,135.14,65.157,77,39,274,18.144,6.094,18.144,6.093,0.439
438,d2c2_fullz_trek1.tif:0423-0481,0.014,135.533,71.075,61,41,295,7.215,6.35,7.216,6.35,0.451
439,d2c2_fullz_trek1.tif:0647-1071,0.013,135.81,61.922,59,47,266,16.074,9.702,16.077,9.691,0.42
440,d2c2_fullz_trek1.tif:0599-0536,0.014,135.984,66.29,74,40,298,8.046,8.992,8.046,8.989,0.456
441,d2c2_fullz_trek1.tif:0674-0594,0.022,136.115,59.776,89,40,260,8.918,10.124,8.921,10.124,0.565
442,d2c2_fullz_trek1.tif:0262-0606,0.017,136.311,57.214,80,61,265,9.097,3.94,9.096,3.938,0.476
443,d2c2_fullz_trek1.tif:0270-0658,0.012,136.538,78.134,66,46,320,9.878,4.065,9.875,4.067,0.416
444,d2c2_fullz_trek1.tif:0794-0583,0.014,136.688,58.571,54,53,252,8.742,11.912,8.744,11.911,0.45
445,d2c2_fullz_trek1.tif:0508-0601,0.015,136.833,91.258,43,26,392,9.023,7.632,9.023,7.632,0.458
446,d2c2_fullz_trek1.tif:0703-0901,0.01,137.022,119.067,29,16,448,13.525,10.554,13.525,10.554,0.386
447,d2c2_fullz_trek1.tif:0572-0659,0.013,137.143,45.14,63,62,217,9.894,8.584,9.899,8.581,0.417
448,d2c2_fullz_trek1.tif:0088-0257,0.013,137.368,65.983,146,44,288,3.864,1.32,3.866,1.321,0.433
449,d2c2_fullz_trek1.tif:0332-0662,0.017,138.203,66.11,72,48,283,9.946,4.977,9.948,4.976,0.479
450,d2c2_fullz_trek1.tif:0150-0430,0.014,138.297,65.91,57,52,300,6.461,2.258,6.457,2.258,0.463
451,d2c2_fullz_trek1.tif:0801-0773,0.015,138.415,61.015,101,42,277,11.598,12.025,11.599,12.023,0.466
452,d2c2_fullz_trek1.tif:0659-0772,0.016,139.203,66.364,57,48,291,11.597,9.888,11.596,9.889,0.477
453,d2c2_fullz_trek1.tif:0486-0815,0.017,140.36,56.596,118,52,268,12.234,7.29,12.235,7.289,0.475
454,d2c2_fullz_trek1.tif:0499-1168,0.015,140.373,61.16,71,35,264,17.54,7.501,17.538,7.499,0.464
455,d2c2_fullz_trek1.tif:0180-0452,0.017,140.605,72.55,68,30,338,6.79,2.697,6.793,2.689,0.493
456,d2c2_fullz_trek1.tif:0233-0260,0.016,140.914,71.408,87,44,315,3.907,3.5,3.908,3.499,0.477
457,d2c2_fullz_trek1.tif:0176-0250,0.015,141.735,79.939,73,35,334,3.758,2.642,3.756,2.643,0.467
458,d2c2_fullz_trek1.tif:0959-0638,0.017,141.766,63.692,231,46,273,9.58,14.396,9.579,14.397,0.485
459,d2c2_fullz_trek1.tif:0469-0348,0.015,142.209,57.293,83,56,272,5.231,7.045,5.231,7.044,0.47
460,d2c2_fullz_trek1.tif:0593-0337,0.015,142.227,66.24,85,43,303,5.053,8.9,5.052,8.9,0.455
461,d2c2_fullz_trek1.tif:0482-0837,0.013,142.441,79.897,67,42,324,12.556,7.238,12.558,7.237,0.454
462,d2c2_fullz_trek1.tif:0843-0974,0.014,142.475,91.882,39,39,370,14.624,12.653,14.621,12.654,0.441
463,d2c2_fullz_trek1.tif:0709-0410,0.014,142.476,64.331,58,40,290,6.149,10.648,6.151,10.648,0.451
464,d2c2_fullz_trek1.tif:0647-1019,0.015,142.788,52.705,125,68,264,15.292,9.711,15.293,9.711,0.468
465,d2c2_fullz_trek1.tif:0358-0702,0.018,142.926,63.078,52,38,265,10.538,5.382,10.544,5.383,0.509
466,d2c2_fullz_trek1.tif:0674-0405,0.017,143.311,68.267,82,45,302,6.085,10.127,6.087,10.126,0.489
467,d2c2_fullz_trek1.tif:0246-0270,0.015,143.636,72.783,75,43,307,4.064,3.7,4.064,3.701,0.472
468,d2c2_fullz_trek1.tif:0496-0070,0.014,143.787,63.696,63,61,281,1.06,7.448,1.06,7.448,0.46
469,d2c2_fullz_trek1.tif:0438-0765,0.012,143.981,66.578,70,50,289,11.477,6.58,11.478,6.58,0.438
470,d2c2_fullz_trek1.tif:0198-0540,0.014,144.048,83.768,82,41,352,8.109,2.981,8.108,2.982,0.467
471,d2c2_fullz_trek1.tif:0380-0466,0.013,144.627,78.624,68,37,329,6.996,5.701,6.993,5.701,0.433
472,d2c2_fullz_trek1.tif:0506-0640,0.012,144.87,76.141,48,42,320,9.608,7.606,9.605,7.606,0.431
473,d2c2_fullz_trek1.tif:0568-1158,0.018,144.963,65.585,90,42,290,17.381,8.534,17.381,8.531,0.501
474,d2c2_fullz_trek1.tif:0585-0489,0.023,145.62,41.891,97,67,244,7.339,8.781,7.345,8.782,0.566
475,d2c2_fullz_trek1.tif:0553-1078,0.015,146.123,80.618,72,46,343,16.179,8.293,16.18,8.294,0.461
476,d2c2_fullz_trek1.tif:0119-0414,0.019,146.198,58.331,107,59,287,6.221,1.784,6.222,1.786,0.526
477,d2c2_fullz_trek1.tif:0714-0828,0.02,146.494,65.47,96,45,296,12.424,10.724,12.425,10.726,0.521
478,d2c2_fullz_trek1.tif:0633-0415,0.017,146.554,56.778,210,55,252,6.225,9.503,6.225,9.502,0.491
479,d2c2_fullz_trek1.tif:0536-0331,0.016,146.597,51.221,76,60,239,4.972,8.057,4.967,8.054,0.476
480,d2c2_fullz_trek1.tif:0426-0468,0.014,146.694,87.773,57,38,361,7.033,6.394,7.035,6.394,0.461
481,d2c2_fullz_trek1.tif:0312-0763,0.011,147.08,78.72,62,49,332,11.45,4.689,11.449,4.689,0.42
482,d2c2_fullz_trek1.tif:0588-0646,0.016,148.068,76.95,75,51,336,9.695,8.826,9.695,8.825,0.468
483,d2c2_fullz_trek1.tif:0654-0400,0.02,148.144,62.44,103,54,295,6.008,9.82,6.005,9.818,0.539
484,d2c2_fullz_trek1.tif:0382-0405,0.012,148.537,82.519,61,45,337,6.082,5.733,6.084,5.733,0.421
485,d2c2_fullz_trek1.tif:0769-0641,0.013,148.596,86.43,67,44,360,9.615,11.539,9.615,11.538,0.45
486,d2c2_fullz_trek1.tif:0602-0275,0.012,149.055,79.487,65,50,330,4.123,9.038,4.122,9.037,0.439
487,d2c2_fullz_trek1.tif:0478-1083,0.012,149.091,89.788,97,39,363,16.255,7.182,16.257,7.182,0.435
488,d2c2_fullz_trek1.tif:0611-0893,0.014,150.258,75.201,61,51,309,13.401,9.171,13.402,9.171,0.451
489,d2c2_fullz_trek1.tif:0180-0500,0.016,151.343,71.723,122,48,306,7.511,2.699,7.508,2.697,0.466
490,d2c2_fullz_trek1.tif:0251-0382,0.014,152.033,64.178,75,47,282,5.734,3.767,5.733,3.767,0.463
491,d2c2_fullz_trek1.tif:0394-0576,0.016,152.058,72.521,67,48,308,8.652,5.91,8.65,5.91,0.468
492,d2c2_fullz_trek1.tif:0237-0869,0.014,152.4,78.902,77,50,338,13.037,3.555,13.04,3.555,0.452
493,d2c2_fullz_trek1.tif:0032-0517,0.014,152.516,72.685,78,38,318,7.763,0.48,7.765,0.479,0.472
494,d2c2_fullz_trek1.tif:0616-0636,0.015,152.53,80.498,103,36,336,9.551,9.244,9.553,9.247,0.445
495,d2c2_fullz_trek1.tif:0732-0700,0.016,153.377,81.089,72,53,340,10.5,10.988,10.5,10.986,0.47
496,d2c2_fullz_trek1.tif:0431-0554,0.016,153.638,76.291,89,45,319,8.317,6.468,8.315,6.469,0.48
497,d2c2_fullz_trek1.tif:0876-0549,0.019,154.036,56.57,79,67,257,8.247,13.142,8.248,13.143,0.515
498,d2c2_fullz_trek1.tif:0689-1047,0.014,154.419,73.059,84,51,320,15.713,10.347,15.715,10.349,0.444
499,d2c2_fullz_trek1.tif:0520-0283,0.017,154.494,74.315,161,38,308,4.25,7.806,4.259,7.81,0.486
500,d2c2_fullz_trek1.tif:0771-0919,0.017,156.514,71.088,90,58,306,13.796,11.578,13.795,11.577,0.492
501,d2c2_fullz_trek1.tif:0075-0514,0.014,157.047,71.172,137,54,308,7.715,1.121,7.712,1.123,0.465
502,d2c2_fullz_trek1.tif:0209-0720,0.014,157.344,69.722,88,42,322,10.806,3.13,10.806,3.13,0.452
503,d2c2_fullz_trek1.tif:0502-0335,0.016,157.403,66.186,81,47,279,5.034,7.546,5.041,7.542,0.475
504,d2c2_fullz_trek1.tif:0566-0350,0.016,157.5,80.925,60,49,344,5.249,8.494,5.249,8.493,0.47
505,d2c2_fullz_trek1.tif:0300-0918,0.016,157.507,66.102,66,61,290,13.782,4.514,13.781,4.512,0.476
506,d2c2_fullz_trek1.tif:0065-0288,0.013,158.241,82.156,70,51,348,4.328,0.976,4.329,0.975,0.447
507,d2c2_fullz_trek1.tif:0223-0341,0.014,158.4,86.168,71,42,352,5.118,3.344,5.119,3.346,0.445
508,d2c2_fullz_trek1.tif:0600-0441,0.022,158.745,71.355,95,46,316,6.616,9.017,6.619,9.015,0.582
509,d2c2_fullz_trek1.tif:0197-0287,0.016,158.929,73.296,85,58,337,4.301,2.96,4.302,2.959,0.466
510,d2c2_fullz_trek1.tif:0906-0584,0.014,159.048,82.069,66,56,342,8.771,13.604,8.772,13.603,0.464
511,d2c2_fullz_trek1.tif:0756-1069,0.017,159.44,77.414,80,60,350,16.049,11.352,16.049,11.353,0.501
512,d2c2_fullz_trek1.tif:0054-0450,0.017,160.147,72.204,194,47,313,6.753,0.816,6.751,0.819,0.494
513,d2c2_fullz_trek1.tif:0460-1032,0.014,160.533,92.087,63,35,373,15.487,6.905,15.486,6.904,0.453
514,d2c2_fullz_trek1.tif:0306-0452,0.016,161.314,80.188,91,43,343,6.79,4.601,6.791,4.6,0.476
515,d2c2_fullz_trek1.tif:0578-0108,0.017,161.658,62.392,145,57,289,1.627,8.677,1.623,8.681,0.493
516,d2c2_fullz_trek1.tif:0688-0572,0.016,161.822,73.057,221,54,363,8.584,10.334,8.585,10.342,0.474
517,d2c2_fullz_trek1.tif:0391-0435,0.017,161.932,67.516,87,54,312,6.544,5.868,6.541,5.866,0.482
518,d2c2_fullz_trek1.tif:0688-0938,0.026,162.026,78.029,81,53,357,14.088,10.335,14.094,10.342,0.611
519,d2c2_fullz_trek1.tif:0125-0584,0.015,162.773,74.55,77,63,334,8.766,1.872,8.764,1.871,0.46
520,d2c2_fullz_trek1.tif:0146-0586,0.019,163.023,82.378,118,64,380,8.803,2.198,8.799,2.194,0.513
521,d2c2_fullz_trek1.tif:0080-0533,0.014,163.85,99.144,87,39,413,8.003,1.202,8.005,1.203,0.442
522,d2c2_fullz_trek1.tif:0442-0941,0.014,163.917,89.235,104,43,374,14.12,6.632,14.12,6.631,0.444
523,d2c2_fullz_trek1.tif:0534-1196,0.013,164.561,95.98,57,40,392,17.947,8.014,17.946,8.014,0.436
524,d2c2_fullz_trek1.tif:0499-1111,0.018,165.162,59.605,179,62,288,16.672,7.501,16.672,7.5,0.503
525,d2c2_fullz_trek1.tif:0637-0606,0.014,165.391,92.98,55,45,389,9.096,9.558,9.092,9.557,0.461
526,d2c2_fullz_trek1.tif:0467-0610,0.016,165.69,74.409,72,59,335,9.155,7.001,9.155,7.004,0.482
527,d2c2_fullz_trek1.tif:0177-0262,0.016,166.11,81.021,86,62,360,3.932,2.663,3.931,2.664,0.473
528,d2c2_fullz_trek1.tif:0781-0522,0.015,166.554,88.303,93,44,383,7.836,11.731,7.833,11.73,0.47
529,d2c2_fullz_trek1.tif:0431-0687,0.015,167.836,79.287,121,64,344,10.313,6.469,10.312,6.469,0.467
530,d2c2_fullz_trek1.tif:0486-0548,0.016,168.029,90.981,84,54,396,8.238,7.302,8.237,7.303,0.48
531,d2c2_fullz_trek1.tif:0832-0211,0.015,168.104,88.223,60,50,369,3.181,12.488,3.179,12.488,0.459
532,d2c2_fullz_trek1.tif:0076-0431,0.013,168.373,107.501,44,44,431,6.472,1.141,6.473,1.14,0.437
533,d2c2_fullz_trek1.tif:0508-0843,0.018,169.564,80.803,83,66,368,12.652,7.627,12.654,7.628,0.491
534,d2c2_fullz_trek1.tif:0517-1242,0.015,170.647,92.841,56,56,382,18.645,7.765,18.644,7.765,0.467
535,d2c2_fullz_trek1.tif:0841-0245,0.018,171.086,69.116,190,58,317,3.689,12.625,3.687,12.627,0.494
536,d2c2_fullz_trek1.tif:0548-0552,0.014,171.508,95.657,83,61,395,8.292,8.223,8.292,8.223,0.45
537,d2c2_fullz_trek1.tif:0759-0251,0.016,171.562,78.4,135,60,346,3.764,11.398,3.764,11.397,0.476
538,d2c2_fullz_trek1.tif:0198-0652,0.015,172.833,80.698,86,59,346,9.796,2.979,9.797,2.98,0.476
539,d2c2_fullz_trek1.tif:0338-0743,0.015,173.426,85.322,64,50,350,11.156,5.076,11.158,5.076,0.47
540,d2c2_fullz_trek1.tif:0161-0728,0.014,174.19,87.296,73,61,382,10.931,2.412,10.931,2.411,0.463
541,d2c2_fullz_trek1.tif:0478-0324,0.014,174.484,76.535,98,55,341,4.872,7.175,4.867,7.18,0.444
542,d2c2_fullz_trek1.tif:0500-1222,0.014,174.672,88.447,100,59,377,18.348,7.506,18.347,7.506,0.465
543,d2c2_fullz_trek1.tif:0882-0450,0.014,174.937,102.402,94,40,420,6.759,13.245,6.758,13.244,0.462
544,d2c2_fullz_trek1.tif:0825-0617,0.016,175.014,72.027,81,56,326,9.269,12.385,9.269,12.385,0.486
545,d2c2_fullz_trek1.tif:0148-0239,0.014,175.032,104.096,67,46,426,3.592,2.23,3.594,2.231,0.443
546,d2c2_fullz_trek1.tif:0082-0456,0.015,175.627,110.967,78,41,445,6.852,1.225,6.852,1.223,0.451
547,d2c2_fullz_trek1.tif:0738-1082,0.016,175.886,71.234,100,67,337,16.238,11.086,16.235,11.087,0.478
548,d2c2_fullz_trek1.tif:0257-0910,0.014,176.467,104.848,63,46,434,13.663,3.864,13.662,3.864,0.431
549,d2c2_fullz_trek1.tif:0666-0969,0.014,176.548,100.697,89,54,408,14.544,9.994,14.546,9.994,0.443
550,d2c2_fullz_trek1.tif:0400-0752,0.014,177.016,83.778,80,44,368,11.284,6.013,11.282,6.014,0.453
551,d2c2_fullz_trek1.tif:0491-0848,0.018,177.312,86.025,101,51,371,12.734,7.379,12.734,7.38,0.491
552,d2c2_fullz_trek1.tif:0644-0804,0.018,178.077,83.451,67,65,365,12.074,9.67,12.075,9.672,0.506
553,d2c2_fullz_trek1.tif:0489-1197,0.015,178.353,101.076,68,47,408,17.96,7.344,17.963,7.344,0.472
554,d2c2_fullz_trek1.tif:0846-0208,0.017,178.427,81.086,129,55,365,3.135,12.709,3.139,12.711,0.48
555,d2c2_fullz_trek1.tif:0380-0304,0.016,178.429,85.924,98,49,363,4.563,5.706,4.562,5.707,0.483
556,d2c2_fullz_trek1.tif:0076-0320,0.014,179.397,97.317,97,51,403,4.811,1.143,4.81,1.144,0.459
557,d2c2_fullz_trek1.tif:0516-0186,0.017,179.44,70.804,184,79,324,2.793,7.75,2.793,7.752,0.488
558,d2c2_fullz_trek1.tif:0776-0249,0.018,179.817,67.191,93,78,317,3.74,11.654,3.74,11.653,0.51
559,d2c2_fullz_trek1.tif:0483-1133,0.021,180.495,75.96,64,59,329,17.005,7.246,17.006,7.248,0.535
560,d2c2_fullz_trek1.tif:0356-0092,0.018,180.512,78.46,89,75,355,1.39,5.354,1.39,5.354,0.497
561,d2c2_fullz_trek1.tif:0278-0093,0.02,180.648,71.877,106,62,310,1.393,4.173,1.393,4.173,0.544
562,d2c2_fullz_trek1.tif:0563-0330,0.014,181.762,108.15,69,59,457,4.955,8.451,4.951,8.454,0.454
563,d2c2_fullz_trek1.tif:0689-0694,0.016,181.861,81.187,92,70,363,10.428,10.345,10.428,10.345,0.478
564,d2c2_fullz_trek1.tif:0333-0368,0.018,181.873,85.937,54,36,352,5.531,5.004,5.531,5.001,0.498
565,d2c2_fullz_trek1.tif:0383-0810,0.013,182.386,87.794,84,50,376,12.155,5.752,12.153,5.754,0.436
566,d2c2_fullz_trek1.tif:0773-0265,0.018,183.111,79.329,154,59,365,3.978,11.609,3.977,11.61,0.506
567,d2c2_fullz_trek1.tif:1019-0508,0.018,183.188,89.366,85,48,365,7.634,15.302,7.636,15.302,0.499
568,d2c2_fullz_trek1.tif:0034-0496,0.013,184,94.05,80,52,399,7.441,0.51,7.44,0.511,0.439
569,d2c2_fullz_trek1.tif:0619-0967,0.014,184.467,107.998,93,45,437,14.514,9.293,14.515,9.294,0.441
570,d2c2_fullz_trek1.tif:0063-0265,0.014,184.85,90.578,119,60,396,3.971,0.94,3.973,0.94,0.464
571,d2c2_fullz_trek1.tif:0530-0284,0.017,184.987,83.081,138,49,347,4.272,7.965,4.276,7.959,0.49
572,d2c2_fullz_trek1.tif:0535-0701,0.016,185.219,103.909,91,46,430,10.523,8.032,10.526,8.033,0.486
573,d2c2_fullz_trek1.tif:0332-0347,0.014,185.339,91.289,88,71,411,5.208,4.988,5.209,4.988,0.451
574,d2c2_fullz_trek1.tif:0234-0842,0.017,185.608,84.063,120,33,333,12.637,3.505,12.643,3.512,0.491
575,d2c2_fullz_trek1.tif:0497-0607,0.02,185.989,80.548,111,56,366,9.112,7.473,9.106,7.473,0.528
576,d2c2_fullz_trek1.tif:0491-0296,0.013,186.172,111.671,73,47,448,4.445,7.384,4.443,7.38,0.43
577,d2c2_fullz_trek1.tif:0054-0303,0.016,186.479,82.288,81,76,370,4.549,0.811,4.55,0.811,0.485
578,d2c2_fullz_trek1.tif:0759-0389,0.017,186.493,80.612,304,78,353,5.839,11.4,5.838,11.402,0.478
579,d2c2_fullz_trek1.tif:0722-0356,0.016,186.652,89.17,109,60,386,5.343,10.839,5.34,10.838,0.478
580,d2c2_fullz_trek1.tif:0632-0814,0.018,186.885,101.905,92,52,453,12.223,9.497,12.222,9.494,0.488
581,d2c2_fullz_trek1.tif:0657-0279,0.016,186.917,84.325,72,63,377,4.197,9.871,4.198,9.869,0.497
582,d2c2_fullz_trek1.tif:0542-1070,0.014,186.968,112.095,62,55,457,16.061,8.136,16.061,8.135,0.456
583,d2c2_fullz_trek1.tif:0315-0559,0.016,187.145,109.508,89,51,468,8.389,4.723,8.39,4.721,0.474
584,d2c2_fullz_trek1.tif:0520-1078,0.017,187.532,95.863,79,51,394,16.182,7.806,16.181,7.807,0.49
585,d2c2_fullz_trek1.tif:0527-0061,0.017,187.933,80.797,100,49,342,0.922,7.909,0.92,7.911,0.497
586,d2c2_fullz_trek1.tif:0330-0466,0.02,187.955,90.486,85,61,372,6.994,4.959,6.994,4.957,0.52
587,d2c2_fullz_trek1.tif:0412-1178,0.015,188.415,84.614,114,60,368,17.687,6.181,17.688,6.182,0.449
588,d2c2_fullz_trek1.tif:0592-0658,0.017,188.818,81.713,74,58,378,9.877,8.89,9.876,8.889,0.494
589,d2c2_fullz_trek1.tif:0620-0878,0.015,188.846,84.449,109,69,375,13.185,9.302,13.186,9.302,0.458
590,d2c2_fullz_trek1.tif:0994-0574,0.015,189.179,112.287,58,36,459,8.617,14.914,8.611,14.915,0.454
591,d2c2_fullz_trek1.tif:0827-0835,0.016,190.208,87.254,68,65,368,12.538,12.425,12.538,12.423,0.473
592,d2c2_fullz_trek1.tif:0795-0316,0.018,190.658,82.854,116,60,371,4.736,11.938,4.737,11.936,0.5
593,d2c2_fullz_trek1.tif:0061-0679,0.018,190.937,93.094,106,60,409,10.205,0.917,10.203,0.918,0.495
594,d2c2_fullz_trek1.tif:0708-0950,0.02,191,94.747,54,54,462,14.267,10.626,14.27,10.64,0.521
595,d2c2_fullz_trek1.tif:0205-0926,0.019,191.141,89.128,143,59,415,13.899,3.073,13.899,3.076,0.518
596,d2c2_fullz_trek1.tif:0491-0437,0.02,191.31,93.509,208,52,434,6.562,7.365,6.563,7.364,0.52
597,d2c2_fullz_trek1.tif:0196-0449,0.014,191.435,105.384,84,60,450,6.743,2.947,6.743,2.948,0.452
598,d2c2_fullz_trek1.tif:0335-0300,0.019,191.529,87.014,76,68,388,4.508,5.039,4.508,5.038,0.508
599,d2c2_fullz_trek1.tif:0267-0866,0.017,192.513,97.793,81,59,419,13.008,4.008,13.008,4.008,0.496
600,d2c2_fullz_trek1.tif:0725-0120,0.016,193.522,112.554,47,47,461,1.812,10.885,1.815,10.884,0.468
601,d2c2_fullz_trek1.tif:0468-1107,0.016,193.629,118.37,74,51,481,16.613,7.021,16.615,7.021,0.473
602,d2c2_fullz_trek1.tif:0457-0703,0.014,193.859,106.338,77,70,454,10.555,6.858,10.556,6.859,0.463
603,d2c2_fullz_trek1.tif:0150-0698,0.013,194.534,115.464,67,52,481,10.481,2.258,10.479,2.257,0.447
604,d2c2_fullz_trek1.tif:0475-0373,0.015,195.179,91.074,289,56,401,5.598,7.131,5.604,7.129,0.446
605,d2c2_fullz_trek1.tif:0666-0244,0.014,196.557,126.958,60,46,499,3.666,9.993,3.666,9.993,0.448
606,d2c2_fullz_trek1.tif:0486-0150,0.013,196.603,121.053,94,45,482,2.252,7.295,2.25,7.297,0.448
607,d2c2_fullz_trek1.tif:0591-0090,0.02,197.187,104.695,105,53,464,1.363,8.877,1.365,8.88,0.525
608,d2c2_fullz_trek1.tif:0801-0678,0.014,197.639,108.345,115,50,448,10.177,12.032,10.174,12.03,0.448
609,d2c2_fullz_trek1.tif:0186-0516,0.015,198.615,133.251,81,48,531,7.748,2.787,7.746,2.786,0.447
610,d2c2_fullz_trek1.tif:0406-0653,0.019,198.791,81.322,83,78,378,9.804,6.102,9.805,6.104,0.518
611,d2c2_fullz_trek1.tif:0231-0544,0.014,198.794,105.752,108,66,444,8.167,3.465,8.166,3.463,0.465
612,d2c2_fullz_trek1.tif:0782-1019,0.014,198.952,129.34,71,51,535,15.294,11.732,15.296,11.732,0.444
613,d2c2_fullz_trek1.tif:0379-0178,0.017,199.382,98.735,86,53,403,2.671,5.693,2.667,5.695,0.49
614,d2c2_fullz_trek1.tif:0365-0474,0.016,199.625,70.079,136,52,326,7.11,5.478,7.117,5.476,0.459
615,d2c2_fullz_trek1.tif:0413-0113,0.023,199.637,82.991,145,67,408,1.692,6.203,1.694,6.204,0.57
616,d2c2_fullz_trek1.tif:0508-0803,0.016,200.153,114.687,127,61,475,12.049,7.622,12.052,7.622,0.468
617,d2c2_fullz_trek1.tif:0086-0273,0.015,200.224,101.423,79,70,424,4.104,1.288,4.107,1.288,0.463
618,d2c2_fullz_trek1.tif:0178-0707,0.016,200.643,107.132,154,55,466,10.622,2.676,10.621,2.677,0.471
619,d2c2_fullz_trek1.tif:0116-0635,0.014,200.65,107.602,71,64,443,9.532,1.744,9.534,1.744,0.453
620,d2c2_fullz_trek1.tif:0313-0590,0.017,200.733,106.513,69,56,455,8.864,4.697,8.865,4.698,0.487
621,d2c2_fullz_trek1.tif:0143-0368,0.018,200.815,94.516,78,75,415,5.531,2.148,5.533,2.148,0.498
622,d2c2_fullz_trek1.tif:0051-0332,0.017,200.87,103.011,77,59,423,4.992,0.763,4.991,0.762,0.51
623,d2c2_fullz_trek1.tif:0963-0386,0.013,201.241,117.767,109,43,470,5.791,14.453,5.789,14.454,0.446
624,d2c2_fullz_trek1.tif:0670-0145,0.016,202.71,130.796,75,43,547,2.181,10.063,2.184,10.063,0.47
625,d2c2_fullz_trek1.tif:0511-0962,0.014,202.714,104.93,161,64,435,14.444,7.669,14.444,7.669,0.466
626,d2c2_fullz_trek1.tif:0723-0133,0.016,202.74,103.796,141,64,424,2.01,10.856,2.007,10.857,0.477
627,d2c2_fullz_trek1.tif:0575-0649,0.02,203.391,87.859,123,72,394,9.754,8.639,9.756,8.638,0.513
628,d2c2_fullz_trek1.tif:0353-0157,0.016,203.7,112.296,104,70,468,2.356,5.295,2.356,5.294,0.471
629,d2c2_fullz_trek1.tif:0619-0618,0.016,203.884,105.585,117,62,456,9.282,9.283,9.281,9.286,0.47
630,d2c2_fullz_trek1.tif:0590-0844,0.014,204.27,110.376,94,47,477,12.673,8.864,12.67,8.864,0.455
631,d2c2_fullz_trek1.tif:0716-0347,0.015,204.318,109.033,171,64,455,5.208,10.748,5.211,10.75,0.46
632,d2c2_fullz_trek1.tif:0497-0052,0.013,204.569,103.93,88,70,427,0.785,7.459,0.785,7.461,0.458
633,d2c2_fullz_trek1.tif:0720-0562,0.015,204.697,95.359,151,72,404,8.432,10.806,8.432,10.806,0.471
634,d2c2_fullz_trek1.tif:0545-1178,0.016,204.918,110.741,85,53,460,17.685,8.18,17.683,8.179,0.473
635,d2c2_fullz_trek1.tif:0712-0438,0.019,205.373,96.885,106,62,407,6.577,10.692,6.577,10.693,0.502
636,d2c2_fullz_trek1.tif:0674-0449,0.018,205.744,93.951,309,51,445,6.74,10.117,6.736,10.128,0.486
637,d2c2_fullz_trek1.tif:0231-0638,0.017,206.263,100.85,113,50,432,9.585,3.467,9.584,3.469,0.497
638,d2c2_fullz_trek1.tif:0692-0398,0.018,206.709,99.855,121,61,432,5.969,10.386,5.974,10.384,0.506
639,d2c2_fullz_trek1.tif:0592-0529,0.016,207.338,114.887,76,48,469,7.945,8.884,7.946,8.886,0.473
640,d2c2_fullz_trek1.tif:0598-0298,0.015,207.388,124.519,70,64,523,4.487,8.981,4.486,8.981,0.47
641,d2c2_fullz_trek1.tif:0848-0713,0.016,207.71,87.322,100,69,380,10.699,12.728,10.7,12.73,0.484
642,d2c2_fullz_trek1.tif:0407-0150,0.015,207.806,105.259,115,75,453,2.259,6.114,2.256,6.114,0.462
643,d2c2_fullz_trek1.tif:0407-0089,0.018,213.769,92.103,124,69,409,1.331,6.108,1.333,6.11,0.504
644,d2c2_fullz_trek1.tif:0666-1032,0.016,214.099,93.113,113,86,407,15.495,9.994,15.496,9.995,0.48
645,d2c2_fullz_trek1.tif:0732-0436,0.015,214.324,106.474,97,58,444,6.542,10.984,6.537,10.985,0.461
646,d2c2_fullz_trek1.tif:0516-0435,0.016,214.667,109.807,79,62,449,6.54,7.753,6.533,7.753,0.468
647,d2c2_fullz_trek1.tif:0555-0121,0.016,216.137,113.269,78,67,484,1.825,8.334,1.826,8.336,0.482
648,d2c2_fullz_trek1.tif:0501-0352,0.018,217.177,113.064,99,47,487,5.286,7.526,5.281,7.527,0.494
649,d2c2_fullz_trek1.tif:0739-0298,0.015,217.324,117.258,93,62,507,4.485,11.091,4.485,11.093,0.472
650,d2c2_fullz_trek1.tif:0528-0633,0.016,217.466,109.295,94,65,468,9.499,7.918,9.5,7.918,0.471
651,d2c2_fullz_trek1.tif:0472-0959,0.017,217.649,109.971,67,67,444,14.39,7.093,14.39,7.093,0.494
652,d2c2_fullz_trek1.tif:0574-0626,0.016,217.903,113.014,98,81,490,9.395,8.622,9.396,8.621,0.479
653,d2c2_fullz_trek1.tif:0578-0055,0.015,220.691,109.056,103,78,476,0.821,8.683,0.82,8.683,0.477
654,d2c2_fullz_trek1.tif:0113-0318,0.016,220.918,107.375,109,70,473,4.784,1.699,4.784,1.702,0.488
655,d2c2_fullz_trek1.tif:0218-0448,0.017,222.364,100.919,164,76,432,6.733,3.275,6.732,3.276,0.498
656,d2c2_fullz_trek1.tif:0367-0481,0.017,222.671,95.867,104,60,432,7.217,5.503,7.213,5.505,0.489
657,d2c2_fullz_trek1.tif:0318-0326,0.015,223.364,111.644,114,63,482,4.894,4.779,4.892,4.78,0.472
658,d2c2_fullz_trek1.tif:0382-1166,0.015,224.075,130.201,96,68,543,17.508,5.728,17.51,5.727,0.458
659,d2c2_fullz_trek1.tif:0441-0967,0.016,224.114,109.916,102,72,455,14.513,6.621,14.514,6.621,0.478
660,d2c2_fullz_trek1.tif:0362-0510,0.012,224.218,129.984,72,56,528,7.659,5.446,7.657,5.444,0.444
661,d2c2_fullz_trek1.tif:0613-0569,0.017,224.857,110.257,131,63,464,8.547,9.198,8.548,9.199,0.497
662,d2c2_fullz_trek1.tif:0506-1148,0.015,225.582,115.393,66,66,475,17.23,7.603,17.229,7.605,0.476
663,d2c2_fullz_trek1.tif:0803-0634,0.015,225.791,118.131,114,78,493,9.523,12.058,9.523,12.058,0.461
664,d2c2_fullz_trek1.tif:0300-0347,0.015,227.092,139.456,88,39,546,5.202,4.497,5.206,4.498,0.455
665,d2c2_fullz_trek1.tif:0259-0762,0.016,227.71,107.186,119,77,468,11.442,3.892,11.443,3.892,0.465
666,d2c2_fullz_trek1.tif:0179-0684,0.017,228.597,103.801,112,81,470,10.265,2.69,10.262,2.691,0.5
667,d2c2_fullz_trek1.tif:0364-0494,0.016,229.429,122.867,105,62,560,7.413,5.468,7.412,5.468,0.478
668,d2c2_fullz_trek1.tif:0397-0500,0.014,231.29,140.436,86,70,578,7.511,5.953,7.512,5.953,0.46
669,d2c2_fullz_trek1.tif:0519-0621,0.021,231.905,96.191,132,72,419,9.332,7.787,9.333,7.788,0.547
670,d2c2_fullz_trek1.tif:0608-0826,0.015,232.132,120.539,129,58,492,12.4,9.132,12.399,9.13,0.463
671,d2c2_fullz_trek1.tif:0473-0553,0.015,232.4,131.243,95,72,542,8.295,7.105,8.296,7.104,0.465
672,d2c2_fullz_trek1.tif:0799-0713,0.014,232.413,118.569,185,70,502,10.699,11.993,10.698,11.993,0.464
673,d2c2_fullz_trek1.tif:0440-0512,0.016,232.855,116.107,95,66,500,7.69,6.607,7.687,6.608,0.47
674,d2c2_fullz_trek1.tif:0305-0560,0.017,233.347,139.697,103,48,553,8.403,4.573,8.402,4.573,0.493
675,d2c2_fullz_trek1.tif:0350-0211,0.016,234.139,116.776,110,58,501,3.181,5.263,3.179,5.263,0.481
676,d2c2_fullz_trek1.tif:0192-0376,0.013,234.276,134.052,81,81,551,5.647,2.885,5.647,2.885,0.449
677,d2c2_fullz_trek1.tif:0542-0712,0.016,234.644,138.179,82,55,583,10.691,8.137,10.691,8.136,0.481
678,d2c2_fullz_trek1.tif:0624-0230,0.016,235.222,128.369,90,74,531,3.451,9.373,3.451,9.374,0.478
679,d2c2_fullz_trek1.tif:0419-0244,0.022,236.152,101.518,97,70,428,3.671,6.293,3.666,6.294,0.57
680,d2c2_fullz_trek1.tif:0475-0765,0.02,236.33,112.398,139,80,513,11.473,7.123,11.477,7.128,0.523
681,d2c2_fullz_trek1.tif:0523-0290,0.016,236.563,95.307,226,38,428,4.36,7.855,4.354,7.858,0.472
682,d2c2_fullz_trek1.tif:0473-0295,0.015,236.862,135.856,118,65,557,4.428,7.096,4.429,7.097,0.463
683,d2c2_fullz_trek1.tif:0142-0334,0.015,237.418,121.488,130,61,505,5.014,2.14,5.013,2.14,0.472
684,d2c2_fullz_trek1.tif:0641-0428,0.017,238.461,128.941,97,63,532,6.422,9.627,6.421,9.626,0.489
685,d2c2_fullz_trek1.tif:0105-0701,0.016,238.671,139.696,81,57,566,10.522,1.575,10.522,1.574,0.481
686,d2c2_fullz_trek1.tif:0271-0578,0.015,239.061,159.122,84,57,644,8.683,4.067,8.684,4.065,0.468
687,d2c2_fullz_trek1.tif:0382-0500,0.013,239.61,157.413,104,54,607,7.503,5.737,7.503,5.736,0.444
688,d2c2_fullz_trek1.tif:0529-0649,0.018,240.658,125.99,108,52,538,9.743,7.945,9.745,7.946,0.495
689,d2c2_fullz_trek1.tif:0561-0424,0.015,242.031,143.415,97,57,583,6.372,8.42,6.371,8.42,0.466
690,d2c2_fullz_trek1.tif:0370-0073,0.018,242.262,113.374,370,76,512,1.095,5.565,1.1,5.568,0.501
691,d2c2_fullz_trek1.tif:0637-1072,0.018,242.317,103.976,122,67,471,16.099,9.562,16.097,9.564,0.512
692,d2c2_fullz_trek1.tif:0494-0128,0.023,242.47,119.773,359,69,541,1.933,7.423,1.935,7.428,0.569
693,d2c2_fullz_trek1.tif:0403-0708,0.014,242.594,121.329,138,80,517,10.636,6.052,10.634,6.051,0.459
694,d2c2_fullz_trek1.tif:0542-0763,0.024,243.271,116.193,112,86,501,11.449,8.136,11.451,8.138,0.604
695,d2c2_fullz_trek1.tif:0376-0606,0.016,243.875,140.821,68,67,587,9.099,5.642,9.097,5.64,0.479
696,d2c2_fullz_trek1.tif:0385-0421,0.016,244.275,122.018,157,29,501,6.327,5.78,6.335,5.78,0.47
697,d2c2_fullz_trek1.tif:0697-0195,0.017,244.77,98.644,110,75,437,2.934,10.462,2.93,10.458,0.482
698,d2c2_fullz_trek1.tif:0355-0582,0.016,245.437,160.79,100,49,645,8.748,5.332,8.75,5.333,0.465
699,d2c2_fullz_trek1.tif:0713-0872,0.015,246.258,114.161,172,65,510,13.093,10.708,13.09,10.705,0.457
700,d2c2_fullz_trek1.tif:0391-0296,0.016,246.304,138.629,91,60,566,4.443,5.874,4.441,5.873,0.481
701,d2c2_fullz_trek1.tif:0793-0520,0.021,246.33,99.033,176,75,436,7.806,11.905,7.803,11.909,0.531
702,d2c2_fullz_trek1.tif:0509-0156,0.023,246.584,91.883,135,86,453,2.352,7.633,2.351,7.632,0.552
703,d2c2_fullz_trek1.tif:0398-0729,0.018,246.821,89.819,121,89,404,10.938,5.977,10.935,5.973,0.49
704,d2c2_fullz_trek1.tif:0382-0455,0.018,247.103,138.121,110,60,598,6.836,5.739,6.841,5.736,0.493
705,d2c2_fullz_trek1.tif:0470-0129,0.018,247.846,118.373,107,95,513,1.927,7.059,1.929,7.061,0.497
706,d2c2_fullz_trek1.tif:0316-0576,0.019,248.616,114.794,158,81,531,8.654,4.74,8.654,4.741,0.503
707,d2c2_fullz_trek1.tif:0630-0356,0.016,249.356,136.938,117,72,560,5.356,9.458,5.357,9.459,0.486
708,d2c2_fullz_trek1.tif:0505-0146,0.021,249.621,116.977,82,73,508,2.199,7.58,2.204,7.582,0.544
709,d2c2_fullz_trek1.tif:0496-0343,0.016,249.806,104.539,105,79,475,5.142,7.446,5.143,7.453,0.469
710,d2c2_fullz_trek1.tif:0785-0334,0.015,253.015,122.875,116,91,541,5.018,11.786,5.018,11.784,0.479
711,d2c2_fullz_trek1.tif:0347-0226,0.016,253.529,126.477,108,85,549,3.401,5.214,3.404,5.215,0.477
712,d2c2_fullz_trek1.tif:0746-0336,0.017,254.24,135.005,103,79,570,5.049,11.196,5.047,11.195,0.494
713,d2c2_fullz_trek1.tif:0517-0864,0.015,255,161.721,103,61,640,12.97,7.753,12.97,7.753,0.468
714,d2c2_fullz_trek1.tif:0296-0259,0.017,255.6,126.96,208,71,531,3.882,4.437,3.885,4.438,0.485
715,d2c2_fullz_trek1.tif:0341-0204,0.018,256.333,105.87,159,83,484,3.068,5.124,3.067,5.125,0.495
716,d2c2_fullz_trek1.tif:0478-0871,0.016,256.778,147.035,145,60,613,13.07,7.176,13.07,7.178,0.473
717,d2c2_fullz_trek1.tif:0500-0232,0.017,256.947,133.135,121,79,536,3.485,7.501,3.484,7.502,0.488
718,d2c2_fullz_trek1.tif:0567-0586,0.015,259.838,139.346,101,67,559,8.798,8.51,8.796,8.511,0.476
719,d2c2_fullz_trek1.tif:0902-0355,0.018,263.163,128.044,176,86,552,5.337,13.542,5.335,13.544,0.509
720,d2c2_fullz_trek1.tif:0476-0187,0.015,264.059,171.267,152,59,697,2.803,7.141,2.806,7.141,0.449
721,d2c2_fullz_trek1.tif:0423-0073,0.014,264.164,138.686,130,83,587,1.092,6.351,1.09,6.35,0.448
722,d2c2_fullz_trek1.tif:0254-0896,0.016,264.342,154.603,201,58,625,13.459,3.81,13.462,3.811,0.485
723,d2c2_fullz_trek1.tif:0536-0321,0.016,264.739,150.259,569,73,635,4.823,8.052,4.827,8.052,0.471
724,d2c2_fullz_trek1.tif:0429-0368,0.015,266.507,146.578,121,90,611,5.533,6.436,5.533,6.436,0.47
725,d2c2_fullz_trek1.tif:0634-0538,0.016,268.057,135.547,97,90,576,8.085,9.518,8.086,9.518,0.477
726,d2c2_fullz_trek1.tif:0457-0411,0.016,269.153,155.628,97,77,627,6.167,6.863,6.169,6.864,0.479
727,d2c2_fullz_trek1.tif:0352-0788,0.014,269.656,145.651,135,82,601,11.835,5.282,11.835,5.283,0.46
728,d2c2_fullz_trek1.tif:0571-1125,0.017,271.96,139.921,140,73,591,16.894,8.571,16.893,8.572,0.485
729,d2c2_fullz_trek1.tif:0382-0428,0.018,273.288,105.746,151,108,508,6.431,5.738,6.428,5.742,0.495
730,d2c2_fullz_trek1.tif:0495-0204,0.016,273.606,134.022,159,92,572,3.07,7.432,3.067,7.432,0.48
731,d2c2_fullz_trek1.tif:0581-0464,0.017,273.961,127.395,168,84,535,6.966,8.727,6.962,8.725,0.495
732,d2c2_fullz_trek1.tif:0512-0477,0.017,273.973,166.128,98,69,683,7.166,7.686,7.166,7.685,0.481
733,d2c2_fullz_trek1.tif:0160-0191,0.019,274.548,147.208,133,81,641,2.869,2.402,2.871,2.4,0.513
734,d2c2_fullz_trek1.tif:0532-0794,0.016,274.708,150.672,93,83,638,11.928,7.982,11.929,7.982,0.479
735,d2c2_fullz_trek1.tif:0746-0508,0.018,275.45,132.531,208,80,556,7.632,11.197,7.637,11.197,0.501
736,d2c2_fullz_trek1.tif:0623-0641,0.014,275.903,154.85,114,79,633,9.626,9.349,9.627,9.348,0.448
737,d2c2_fullz_trek1.tif:0616-0201,0.017,276.829,152.583,115,90,644,3.019,9.248,3.02,9.249,0.494
738,d2c2_fullz_trek1.tif:0241-0774,0.017,277.365,146.615,428,97,622,11.618,3.626,11.62,3.624,0.49
739,d2c2_fullz_trek1.tif:0757-0427,0.023,277.69,120.642,174,104,580,6.411,11.37,6.409,11.369,0.552
740,d2c2_fullz_trek1.tif:0504-0720,0.015,278.47,164.152,89,77,660,10.808,7.566,10.808,7.565,0.472
741,d2c2_fullz_trek1.tif:0463-0460,0.019,278.718,114.384,181,101,543,6.907,6.946,6.905,6.946,0.53
742,d2c2_fullz_trek1.tif:0559-0520,0.015,278.727,187.857,121,58,744,7.815,8.385,7.814,8.387,0.478
743,d2c2_fullz_trek1.tif:0324-0225,0.015,278.938,149.487,107,97,628,3.382,4.866,3.382,4.866,0.466
744,d2c2_fullz_trek1.tif:0482-0582,0.016,280.145,182.59,195,71,723,8.733,7.239,8.734,7.238,0.478
745,d2c2_fullz_trek1.tif:0367-0601,0.016,280.437,160.591,145,79,660,9.026,5.514,9.028,5.515,0.474
746,d2c2_fullz_trek1.tif:0693-1058,0.018,281.494,148.843,120,83,621,15.89,10.395,15.89,10.395,0.503
747,d2c2_fullz_trek1.tif:0656-0860,0.017,284,140.067,113,108,599,12.909,9.846,12.909,9.845,0.481
748,d2c2_fullz_trek1.tif:0790-0358,0.018,284.203,180.295,275,62,714,5.377,11.87,5.377,11.87,0.499
749,d2c2_fullz_trek1.tif:0653-1050,0.017,284.234,174.515,119,73,697,15.763,9.801,15.762,9.801,0.494
750,d2c2_fullz_trek1.tif:0244-0601,0.016,285.141,172.924,129,85,711,9.019,3.669,9.019,3.669,0.479
751,d2c2_fullz_trek1.tif:0436-0126,0.016,287.338,175.661,92,87,728,1.895,6.537,1.895,6.537,0.478
752,d2c2_fullz_trek1.tif:0341-0570,0.015,287.394,214.242,84,60,861,8.562,5.124,8.561,5.125,0.462
753,d2c2_fullz_trek1.tif:0488-0276,0.016,287.918,130.337,88,67,574,4.149,7.327,4.148,7.333,0.46
754,d2c2_fullz_trek1.tif:0400-1195,0.017,288.714,157.943,243,97,644,17.934,6.016,17.935,6.016,0.493
755,d2c2_fullz_trek1.tif:0938-0691,0.015,289.866,171.939,147,81,702,10.376,14.074,10.376,14.073,0.473
756,d2c2_fullz_trek1.tif:0077-0416,0.019,290.267,159.333,124,68,673,6.243,1.164,6.243,1.166,0.517
757,d2c2_fullz_trek1.tif:0721-0931,0.019,290.628,157.708,98,78,637,13.974,10.823,13.976,10.823,0.522
758,d2c2_fullz_trek1.tif:0826-0818,0.014,291.311,166.253,128,77,667,12.28,12.402,12.28,12.402,0.454
759,d2c2_fullz_trek1.tif:0390-0602,0.018,292.218,178.577,111,75,714,9.04,5.856,9.039,5.858,0.502
760,d2c2_fullz_trek1.tif:0191-0701,0.018,293.098,140.098,128,87,596,10.515,2.865,10.516,2.867,0.514
761,d2c2_fullz_trek1.tif:0493-0270,0.018,293.577,162.604,118,67,681,4.057,7.41,4.061,7.406,0.506
762,d2c2_fullz_trek1.tif:0586-0826,0.016,293.8,181.542,79,66,722,12.404,8.794,12.405,8.797,0.462
763,d2c2_fullz_trek1.tif:0762-0491,0.021,294.903,169.897,96,79,731,7.367,11.453,7.369,11.451,0.546
764,d2c2_fullz_trek1.tif:0279-0898,0.017,295.714,156.007,103,74,639,13.487,4.189,13.488,4.189,0.507
765,d2c2_fullz_trek1.tif:0480-0106,0.015,296.522,173.659,124,81,730,1.598,7.199,1.599,7.2,0.472
766,d2c2_fullz_trek1.tif:0698-0460,0.024,296.81,172.149,132,60,773,6.916,10.474,6.917,10.472,0.589
767,d2c2_fullz_trek1.tif:0963-0668,0.016,297.986,176.319,82,76,716,10.035,14.452,10.034,14.453,0.49
768,d2c2_fullz_trek1.tif:0222-0757,0.019,298.477,156.521,232,83,662,11.375,3.328,11.374,3.329,0.519
769,d2c2_fullz_trek1.tif:0495-1099,0.014,298.651,137.671,460,73,590,16.493,7.424,16.487,7.427,0.444
770,d2c2_fullz_trek1.tif:0236-0752,0.016,300.239,185.414,79,79,754,11.299,3.543,11.301,3.544,0.49
771,d2c2_fullz_trek1.tif:0606-0257,0.014,300.703,200.57,103,62,807,3.861,9.103,3.862,9.103,0.463
772,d2c2_fullz_trek1.tif:0605-1108,0.019,300.88,143.956,169,100,638,16.635,9.095,16.638,9.093,0.494
773,d2c2_fullz_trek1.tif:0408-0365,0.016,302.222,182.628,98,77,739,5.482,6.122,5.48,6.122,0.476
774,d2c2_fullz_trek1.tif:0489-0674,0.015,304.191,161.387,255,80,654,10.119,7.343,10.123,7.346,0.468
775,d2c2_fullz_trek1.tif:0280-0816,0.017,304.342,182.189,94,59,734,12.251,4.202,12.25,4.201,0.491
776,d2c2_fullz_trek1.tif:0426-1192,0.016,305.986,194.803,97,62,774,17.903,6.396,17.903,6.398,0.481
777,d2c2_fullz_trek1.tif:0833-0296,0.017,309.171,170.762,180,91,707,4.449,12.51,4.45,12.51,0.486
778,d2c2_fullz_trek1.tif:0237-0891,0.017,310.355,214.324,254,65,840,13.379,3.57,13.379,3.569,0.489
779,d2c2_fullz_trek1.tif:0747-1099,0.022,311.796,162.638,232,91,687,16.497,11.212,16.497,11.213,0.548
780,d2c2_fullz_trek1.tif:0400-0529,0.019,312.384,131.164,213,108,554,7.939,6.002,7.941,6.003,0.516
781,d2c2_fullz_trek1.tif:0586-0620,0.023,312.402,173.625,153,84,744,9.317,8.789,9.318,8.792,0.548
782,d2c2_fullz_trek1.tif:0448-1230,0.015,313.179,200.97,132,84,828,18.468,6.718,18.467,6.718,0.463
783,d2c2_fullz_trek1.tif:0087-0621,0.016,314.087,199.757,97,76,816,9.318,1.309,9.32,1.311,0.473
784,d2c2_fullz_trek1.tif:0522-0321,0.02,314.352,162.412,122,55,666,4.829,7.838,4.831,7.837,0.524
785,d2c2_fullz_trek1.tif:0492-0656,0.018,315.899,159.824,170,97,659,9.843,7.394,9.842,7.395,0.502
786,d2c2_fullz_trek1.tif:0878-0242,0.018,316.025,196.344,108,85,824,3.641,13.186,3.641,13.186,0.503
787,d2c2_fullz_trek1.tif:0317-0188,0.018,317.395,178.246,119,60,722,2.821,4.77,2.821,4.771,0.503
788,d2c2_fullz_trek1.tif:0529-1172,0.017,317.689,211.592,104,75,863,17.597,7.95,17.6,7.948,0.49
789,d2c2_fullz_trek1.tif:0521-0828,0.018,318.192,192.107,146,86,776,12.428,7.825,12.428,7.825,0.494
790,d2c2_fullz_trek1.tif:0291-0298,0.018,318.333,167.764,155,105,721,4.475,4.364,4.475,4.366,0.504
791,d2c2_fullz_trek1.tif:0506-0858,0.016,319.111,234.971,153,59,944,12.887,7.601,12.886,7.602,0.486
792,d2c2_fullz_trek1.tif:0462-0686,0.02,319.956,174.544,110,87,719,10.307,6.941,10.307,6.94,0.533
793,d2c2_fullz_trek1.tif:0861-0260,0.017,321.829,181.827,138,76,774,3.904,12.917,3.901,12.918,0.489
794,d2c2_fullz_trek1.tif:0623-0589,0.016,322.055,207.3,135,71,828,8.843,9.351,8.842,9.354,0.471
795,d2c2_fullz_trek1.tif:0357-0767,0.015,322.439,183.241,143,89,740,11.521,5.353,11.519,5.356,0.469
796,d2c2_fullz_trek1.tif:0875-0756,0.018,322.772,164.673,115,95,694,11.362,13.139,11.362,13.139,0.498
797,d2c2_fullz_trek1.tif:0440-0616,0.018,322.913,210.129,104,79,867,9.25,6.605,9.252,6.605,0.494
798,d2c2_fullz_trek1.tif:0499-0761,0.017,324.147,205.709,111,76,811,11.424,7.496,11.426,7.497,0.484
799,d2c2_fullz_trek1.tif:0426-0661,0.018,324.987,201.961,89,84,798,9.928,6.401,9.93,6.405,0.504
800,d2c2_fullz_trek1.tif:0233-0686,0.02,325.885,125.728,206,107,578,10.297,3.503,10.299,3.503,0.533
801,d2c2_fullz_trek1.tif:0414-0727,0.02,326.034,182.566,99,82,754,10.913,6.218,10.916,6.218,0.518
802,d2c2_fullz_trek1.tif:0247-0638,0.019,326.193,172.166,143,97,716,9.585,3.702,9.585,3.704,0.508
803,d2c2_fullz_trek1.tif:0400-0862,0.017,326.844,165.595,186,98,688,12.938,6.003,12.937,6.004,0.493
804,d2c2_fullz_trek1.tif:0925-0370,0.016,326.914,204.857,123,70,835,5.55,13.889,5.548,13.889,0.479
805,d2c2_fullz_trek1.tif:0418-0952,0.024,327.594,206.022,160,67,949,14.287,6.271,14.292,6.272,0.595
806,d2c2_fullz_trek1.tif:0814-0228,0.019,331.233,187.443,105,88,778,3.419,12.216,3.42,12.216,0.513
807,d2c2_fullz_trek1.tif:0274-0764,0.018,333.329,168.193,152,87,686,11.471,4.107,11.474,4.113,0.508
808,d2c2_fullz_trek1.tif:0394-1235,0.013,334.464,240.207,0,0,868,18.535,5.916,18.542,5.918,0.439
809,d2c2_fullz_trek1.tif:0428-0142,0.02,334.91,189.069,155,90,799,2.134,6.43,2.132,6.428,0.523
810,d2c2_fullz_trek1.tif:0609-0174,0.016,335.288,224.122,81,81,921,2.62,9.144,2.623,9.145,0.492
811,d2c2_fullz_trek1.tif:0431-0407,0.023,335.301,181.377,209,93,731,6.104,6.469,6.103,6.471,0.557
812,d2c2_fullz_trek1.tif:0173-0655,0.02,335.844,203.922,143,88,866,9.826,2.603,9.828,2.606,0.528
813,d2c2_fullz_trek1.tif:0559-0404,0.016,336.338,200.427,124,83,806,6.071,8.395,6.07,8.393,0.482
814,d2c2_fullz_trek1.tif:0568-0668,0.021,338.882,171.767,381,86,726,10.03,8.528,10.03,8.529,0.541
815,d2c2_fullz_trek1.tif:0211-0397,0.018,339.293,178.543,137,68,759,5.968,3.171,5.968,3.172,0.516
816,d2c2_fullz_trek1.tif:0666-1049,0.021,339.86,207.291,184,81,887,15.755,10.002,15.754,10.004,0.537
817,d2c2_fullz_trek1.tif:0533-0133,0.018,340.451,184.715,112,93,747,1.999,8.003,2,8.003,0.517
818,d2c2_fullz_trek1.tif:0992-0750,0.019,340.88,249.348,107,52,1003,11.263,14.893,11.262,14.894,0.505
819,d2c2_fullz_trek1.tif:0614-1089,0.019,341.8,192.706,129,86,821,16.346,9.215,16.35,9.215,0.508
820,d2c2_fullz_trek1.tif:0637-0895,0.018,343.256,207.024,116,87,826,13.444,9.568,13.443,9.569,0.495
821,d2c2_fullz_trek1.tif:0734-0564,0.018,344.062,221.489,111,61,900,8.466,11.023,8.465,11.024,0.505
822,d2c2_fullz_trek1.tif:0522-0739,0.024,344.85,171.483,144,84,680,11.095,7.847,11.099,7.85,0.583
823,d2c2_fullz_trek1.tif:0317-0257,0.02,346.716,169.603,96,83,661,3.855,4.754,3.861,4.762,0.521
824,d2c2_fullz_trek1.tif:0377-0769,0.018,347.512,234.964,74,63,948,11.545,5.671,11.55,5.668,0.488
825,d2c2_fullz_trek1.tif:0153-0538,0.017,348.143,238.549,99,77,967,8.084,2.298,8.083,2.298,0.501
826,d2c2_fullz_trek1.tif:0389-0721,0.018,349.363,165.399,199,62,679,10.825,5.838,10.833,5.843,0.504
827,d2c2_fullz_trek1.tif:0698-1026,0.021,351.581,193.916,111,99,792,15.397,10.478,15.397,10.48,0.532
828,d2c2_fullz_trek1.tif:0810-0266,0.018,353.152,236.901,95,89,950,3.999,12.158,4,12.159,0.501
829,d2c2_fullz_trek1.tif:0361-0712,0.018,356.387,184.443,184,92,774,10.688,5.421,10.682,5.419,0.492
830,d2c2_fullz_trek1.tif:0143-0597,0.018,357.9,241.496,87,70,953,8.974,2.144,8.968,2.147,0.504
831,d2c2_fullz_trek1.tif:0689-0654,0.022,359.214,211.713,155,89,857,9.813,10.347,9.812,10.351,0.542
832,d2c2_fullz_trek1.tif:0487-0737,0.017,360.197,200.092,181,113,816,11.064,7.307,11.064,7.308,0.496
833,d2c2_fullz_trek1.tif:0684-0983,0.019,362.655,202.532,207,87,832,14.758,10.265,14.762,10.265,0.511
834,d2c2_fullz_trek1.tif:0161-0648,0.024,364.314,197.033,137,95,790,9.732,2.416,9.726,2.419,0.585
835,d2c2_fullz_trek1.tif:0650-0593,0.021,364.848,241.68,104,81,1016,8.902,9.756,8.908,9.754,0.534
836,d2c2_fullz_trek1.tif:0780-0220,0.019,366.795,189.772,132,132,826,3.312,11.712,3.312,11.714,0.517
837,d2c2_fullz_trek1.tif:0440-0220,0.018,367.835,228.21,165,87,941,3.305,6.61,3.306,6.611,0.507
838,d2c2_fullz_trek1.tif:0323-0365,0.019,371.643,210.388,388,92,848,5.479,4.844,5.482,4.846,0.517
839,d2c2_fullz_trek1.tif:0442-0745,0.02,372.7,232.765,172,81,981,11.19,6.641,11.189,6.642,0.528
840,d2c2_fullz_trek1.tif:0636-0499,0.02,376.135,209.799,141,81,860,7.495,9.544,7.493,9.543,0.524
841,d2c2_fullz_trek1.tif:0384-0667,0.018,380.744,226.151,148,92,928,10.023,5.775,10.018,5.774,0.493
842,d2c2_fullz_trek1.tif:0152-0664,0.022,381.875,179.692,335,93,806,9.973,2.282,9.973,2.28,0.55
843,d2c2_fullz_trek1.tif:0331-0789,0.018,381.9,238.428,96,96,966,11.841,4.974,11.843,4.976,0.504
844,d2c2_fullz_trek1.tif:0879-0826,0.017,382.122,253.024,100,75,1006,12.408,13.197,12.408,13.198,0.496
845,d2c2_fullz_trek1.tif:0697-0574,0.018,383.244,178.914,140,116,751,8.613,10.461,8.61,10.456,0.482
846,d2c2_fullz_trek1.tif:0275-0878,0.019,385.843,253.037,125,90,1003,13.176,4.128,13.175,4.13,0.509
847,d2c2_fullz_trek1.tif:0539-0971,0.019,387.602,278.523,116,67,1110,14.58,8.097,14.58,8.096,0.523
848,d2c2_fullz_trek1.tif:0528-0387,0.021,391.874,234.475,239,93,946,5.808,7.923,5.808,7.922,0.537
849,d2c2_fullz_trek1.tif:0699-0498,0.022,392.823,243.546,117,84,945,7.486,10.493,7.486,10.496,0.549
850,d2c2_fullz_trek1.tif:0071-0664,0.023,394.127,156.989,329,151,747,9.966,1.075,9.974,1.069,0.593
851,d2c2_fullz_trek1.tif:0298-0064,0.023,394.544,212.7,257,110,909,0.973,4.473,0.976,4.474,0.556
852,d2c2_fullz_trek1.tif:0529-0820,0.022,397.312,206.8,274,81,896,12.314,7.936,12.308,7.932,0.542
853,d2c2_fullz_trek1.tif:0235-0919,0.02,399.489,254.766,163,106,1065,13.792,3.538,13.793,3.537,0.527
854,d2c2_fullz_trek1.tif:0379-0516,0.018,403.756,269.602,109,86,1023,7.755,5.683,7.757,5.686,0.506
855,d2c2_fullz_trek1.tif:0170-0454,0.025,404.205,149.379,552,106,621,6.818,2.55,6.81,2.553,0.601
856,d2c2_fullz_trek1.tif:0256-0831,0.02,411.287,261.53,98,98,1085,12.469,3.854,12.472,3.853,0.519
857,d2c2_fullz_trek1.tif:0557-0221,0.019,414,290.319,197,102,1153,3.314,8.359,3.315,8.36,0.513
858,d2c2_fullz_trek1.tif:0819-0444,0.021,420.022,255.347,157,107,1023,6.67,12.293,6.669,12.295,0.537
859,d2c2_fullz_trek1.tif:0098-0570,0.022,422.33,245.232,144,105,986,8.568,1.476,8.57,1.476,0.541
860,d2c2_fullz_trek1.tif:0168-0692,0.021,425.968,281.1,150,106,1130,10.396,2.525,10.396,2.524,0.526
861,d2c2_fullz_trek1.tif:0705-0962,0.023,427.36,287.732,325,100,1184,14.433,10.592,14.432,10.594,0.553
862,d2c2_fullz_trek1.tif:0547-0459,0.025,427.882,239.794,162,83,1054,6.896,8.205,6.899,8.207,0.596
863,d2c2_fullz_trek1.tif:0538-0190,0.025,437.431,263.571,132,79,1020,2.858,8.09,2.858,8.092,0.592
864,d2c2_fullz_trek1.tif:0701-0622,0.023,437.74,311.143,200,90,1243,9.348,10.526,9.347,10.527,0.556
865,d2c2_fullz_trek1.tif:0494-0682,0.02,441.522,267.821,105,93,1092,10.238,7.419,10.231,7.416,0.531
866,d2c2_fullz_trek1.tif:0531-0047,0.025,450.784,304.488,333,76,1222,0.72,7.977,0.718,7.976,0.569
867,d2c2_fullz_trek1.tif:0324-0266,0.023,454.202,228.073,253,108,907,3.99,4.862,3.982,4.858,0.573
868,d2c2_fullz_trek1.tif:0439-0851,0.019,454.345,314.186,131,105,1263,12.773,6.595,12.772,6.595,0.512
869,d2c2_fullz_trek1.tif:0303-0715,0.021,455.033,256.459,337,127,1018,10.74,4.548,10.741,4.549,0.534
870,d2c2_fullz_trek1.tif:0797-0154,0.023,455.129,321.941,153,93,1280,2.319,11.961,2.32,11.961,0.556
871,d2c2_fullz_trek1.tif:0378-0272,0.023,458.74,292.443,190,91,1180,4.084,5.675,4.087,5.675,0.55
872,d2c2_fullz_trek1.tif:0398-0902,0.02,459.56,254.833,255,121,1004,13.546,5.977,13.547,5.976,0.532
873,d2c2_fullz_trek1.tif:0607-0161,0.026,460.833,248.262,203,104,1042,2.413,9.12,2.414,9.124,0.592
874,d2c2_fullz_trek1.tif:0627-0748,0.018,464.582,301.329,233,103,1191,11.226,9.419,11.223,9.418,0.512
875,d2c2_fullz_trek1.tif:0324-0635,0.021,466.272,311.948,830,96,1216,9.535,4.86,9.539,4.86,0.528
876,d2c2_fullz_trek1.tif:0722-1046,0.028,466.571,298.432,236,94,1203,15.703,10.845,15.703,10.846,0.601
877,d2c2_fullz_trek1.tif:0850-0808,0.02,466.854,305.572,182,94,1220,12.132,12.764,12.13,12.766,0.527
878,d2c2_fullz_trek1.tif:0414-0353,0.02,468.809,290.975,142,125,1146,5.295,6.215,5.295,6.215,0.528
879,d2c2_fullz_trek1.tif:0487-0320,0.019,471.105,308.896,145,103,1246,4.805,7.308,4.805,7.305,0.509
880,d2c2_fullz_trek1.tif:0611-0685,0.019,472.905,360.423,126,62,1387,10.285,9.168,10.285,9.17,0.519
881,d2c2_fullz_trek1.tif:0714-0485,0.027,476.983,323.529,214,108,1323,7.29,10.726,7.29,10.728,0.6
882,d2c2_fullz_trek1.tif:0224-0566,0.02,478.899,389.398,103,94,1518,8.503,3.368,8.504,3.366,0.524
883,d2c2_fullz_trek1.tif:0843-0583,0.021,505.768,357.213,125,115,1401,8.758,12.645,8.759,12.646,0.539
884,d2c2_fullz_trek1.tif:0725-0388,0.021,509.745,356.61,118,105,1394,5.83,10.886,5.833,10.889,0.54
885,d2c2_fullz_trek1.tif:0567-0013,0.022,518.131,362.814,171,89,1412,0.201,8.518,0.199,8.519,0.551
886,d2c2_fullz_trek1.tif:0721-0898,0.021,523.489,383.935,119,90,1479,13.487,10.83,13.489,10.831,0.543
887,d2c2_fullz_trek1.tif:0618-0398,0.024,532.198,327.548,365,113,1329,5.972,9.271,5.969,9.271,0.569
888,d2c2_fullz_trek1.tif:0117-0648,0.021,537.37,413.561,146,97,1590,9.718,1.758,9.719,1.759,0.532
889,d2c2_fullz_trek1.tif:0467-0475,0.024,557.358,410.447,228,105,1651,7.133,7.018,7.134,7.018,0.57
890,d2c2_fullz_trek1.tif:0425-0286,0.024,570.14,323.63,180,108,1283,4.304,6.378,4.308,6.383,0.576
891,d2c2_fullz_trek1.tif:0585-0685,0.025,610.873,485.121,97,86,1926,10.285,8.781,10.289,8.783,0.571
892,d2c2_fullz_trek1.tif:0734-0370,0.028,614.122,456.378,137,93,1804,5.564,11.016,5.568,11.015,0.604
893,d2c2_fullz_trek1.tif:0626-0575,0.027,690.441,454.309,131,88,1669,8.639,9.399,8.632,9.412,0.594
894,d2c2_fullz_trek1.tif:0253-0117,0.031,765.051,681.626,147,69,2630,1.762,3.803,1.762,3.801,0.628
895,d2c2_fullz_trek1.tif:0555-0389,0.041,811.813,685.219,137,68,2571,5.836,8.339,5.831,8.342,0.744
